Category,German,Article,English,FigureOfSpeech,ExamplesGerman,ExamplesEnglish
People & Family,der Mann,der,man,noun,Das ist der Mann.; Der Mann liest eine Zeitung.; Der Mann arbeitet im Büro.,That is the man.; The man is reading a newspaper.; The man works in the office.
People & Family,die Frau,die,woman,noun,Das ist die Frau.; Die Frau kocht das Abendessen.; Die Frau spricht drei Sprachen.,That is the woman.; The woman is cooking dinner.; The woman speaks three languages.
People & Family,das Kind,das,child,noun,Das ist das Kind.; Das Kind spielt im Garten.; Das Kind lernt gerade lesen.,That is the child.; The child is playing in the garden.; The child is currently learning to read.
People & Family,der Junge,der,boy,noun,Das ist der Junge.; Der Junge fährt Fahrrad.; Der Junge hat viele Freunde.,That is the boy.; The boy is riding a bicycle.; The boy has many friends.
People & Family,das Mädchen,das,girl,noun,Das ist das Mädchen.; Das Mädchen malt ein Bild.; Das Mädchen singt ein Lied.,That is the girl.; The girl is painting a picture.; The girl is singing a song.
People & Family,die Familie,die,family,noun,Das ist die Familie.; Die Familie wohnt zusammen in einem Haus.; Die Familie feiert heute Geburtstag.,That is the family.; The family lives together in a house.; The family is celebrating a birthday today.
People & Family,der Vater,der,father,noun,Das ist der Vater.; Der Vater arbeitet als Ingenieur.; Der Vater hilft den Kindern bei den Hausaufgaben.,That is the father.; The father works as an engineer.; The father helps the children with their homework.
People & Family,die Mutter,die,mother,noun,Das ist die Mutter.; Die Mutter backt einen Kuchen.; Die Mutter liest ihrem Kind eine Geschichte vor.,That is the mother.; The mother is baking a cake.; The mother is reading a story to her child.
People & Family,der Bruder,der,brother,noun,Das ist der Bruder.; Der Bruder spielt Fußball.; Der Bruder ist älter als ich.,That is the brother.; The brother plays soccer.; The brother is older than me.
People & Family,die Schwester,die,sister,noun,Das ist die Schwester.; Die Schwester studiert Medizin.; Die Schwester singt im Chor.,That is the sister.; The sister is studying medicine.; The sister sings in the choir.
People & Family,der Sohn,der,son,noun,Das ist der Sohn.; Der Sohn geht zur Schule.; Der Sohn spielt gerne Videospiele.,That is the son.; The son goes to school.; The son likes to play video games.
People & Family,die Tochter,die,daughter,noun,Das ist die Tochter.; Die Tochter tanzt Ballett.; Die Tochter hilft im Haushalt.,That is the daughter.; The daughter dances ballet.; The daughter helps with the housework.
People & Family,die Eltern,die,parents,noun,Das ist die Eltern.; Die Eltern sind sehr freundlich.; Die Eltern arbeiten beide.,Those are the parents.; The parents are very friendly.; Both parents work.
People & Family,der Großvater,der,grandfather,noun,Das ist der Großvater.; Der Großvater erzählt Geschichten.; Der Großvater geht jeden Tag spazieren.,That is the grandfather.; The grandfather tells stories.; The grandfather goes for a walk every day.
People & Family,die Großmutter,die,grandmother,noun,Das ist die Großmutter.; Die Großmutter backt Kekse.; Die Großmutter liebt ihren Garten.,That is the grandmother.; The grandmother is baking cookies.; The grandmother loves her garden.
People & Family,der Freund,der,friend (male),noun,Das ist der Freund.; Mein Freund spielt gerne Fußball.; Hast du gestern deinen Freund getroffen?,That is the friend.; My friend likes to play soccer.; Did you meet your friend yesterday?
People & Family,die Freundin,die,friend (female),noun,Das ist die Freundin.; Meine Freundin liest gerne Bücher.; Sie hat ihre Freundin zum Geburtstag eingeladen.,That is the friend.; My friend likes to read books.; She invited her friend to the birthday.
People & Family,der Ehemann,der,husband,noun,Das ist der Ehemann.; Der Ehemann hilft seiner Frau im Haushalt.; Mein Ehemann arbeitet in der Stadt.,That is the husband.; The husband helps his wife with the household.; My husband works in the city.
People & Family,die Ehefrau,die,wife,noun,Das ist die Ehefrau.; Die Ehefrau kocht sehr gut.; Seine Ehefrau ist Ärztin.,That is the wife.; The wife cooks very well.; His wife is a doctor.
People & Family,das Baby,das,baby,noun,Das ist das Baby.; Das Baby schläft den ganzen Tag.; Wir haben ein neues Baby im Haus.,That is the baby.; The baby sleeps all day.; We have a new baby in the house.
People & Family,der Onkel,der,uncle,noun,Das ist der Onkel.; Mein Onkel besucht uns im Sommer.; Der Onkel erzählt immer lustige Geschichten.,That is the uncle.; My uncle visits us in the summer.; The uncle always tells funny stories.
People & Family,die Tante,die,aunt,noun,Das ist die Tante.; Die Tante backt einen Kuchen.; Unsere Tante wohnt in Berlin.,That is the aunt.; The aunt is baking a cake.; Our aunt lives in Berlin.
People & Family,der Cousin,der,cousin (male),noun,Das ist der Cousin.; Mein Cousin spielt Gitarre.; Der Cousin kommt nächste Woche zu Besuch.,That is the cousin.; My cousin plays guitar.; The cousin is coming to visit next week.
People & Family,die Cousine,die,cousin (female),noun,Das ist die Cousine.; Meine Cousine studiert Medizin.; Die Cousine wohnt in München.,That is the cousin.; My cousin studies medicine.; The cousin lives in Munich.
People & Family,der Name,der,name,noun,Das ist der Name.; Wie ist dein Name?; Sein Name ist sehr bekannt.,That is the name.; What is your name?; His name is very well known.
People & Family,der Nachname,der,surname,noun,Das ist der Nachname.; Mein Nachname ist Müller.; Sie hat einen seltenen Nachnamen.,That is the surname.; My surname is Müller.; She has a rare surname.
People & Family,der Vorname,der,first name,noun,Das ist der Vorname.; Mein Vorname ist Anna.; Kannst du mir deinen Vornamen sagen?,That is the first name.; My first name is Anna.; Can you tell me your first name?
People & Family,das Alter,das,age,noun,Das ist das Alter.; Wie alt bist du? Ich frage nach deinem Alter.; Das Alter spielt keine Rolle.,That is the age.; How old are you? I am asking about your age.; Age does not matter.
People & Family,ledig,,single,adjective,"Ich mag ledig.; Er ist noch ledig.; Sie bleibt ledig, bis sie die richtige Person findet.",I like single.; 1; He is still single.; She remains single until she finds the right person.
People & Family,verheiratet,,married,adjective,Ich mag verheiratet.; Sie sind seit zehn Jahren verheiratet.; Mein Bruder ist verheiratet und hat zwei Kinder.,I like married.; 2; They have been married for ten years.; My brother is married and has two children.
People & Family,geschieden,,divorced,adjective,Ich mag geschieden.; Sie ist seit zwei Jahren geschieden.; Er ist ein geschiedener Mann mit zwei Kindern.,I like divorced.; She has been divorced for two years.; He is a divorced man with two children.
People & Family,verwitwet,,widowed,adjective,Ich mag verwitwet.; Meine Großmutter ist seit fünf Jahren verwitwet.; Er lebt als verwitweter Mann allein.,I like widowed.; My grandmother has been widowed for five years.; He lives alone as a widowed man.
Food & Drink,das Brot,das,bread,noun,Das ist das Brot.; Ich esse jeden Morgen frisches Brot.; Kannst du bitte das Brot schneiden?,That is the bread.; I eat fresh bread every morning.; Can you please cut the bread?
Food & Drink,die Milch,die,milk,noun,Das ist die Milch.; Ich trinke jeden Tag ein Glas Milch.; Die Milch steht im Kühlschrank.,That is the milk.; I drink a glass of milk every day.; The milk is in the refrigerator.
Food & Drink,das Wasser,das,water,noun,Das ist das Wasser.; Bitte gib mir ein Glas Wasser.; Das Wasser im See ist sehr klar.,That is the water.; Please give me a glass of water.; The water in the lake is very clear.
Food & Drink,der Kaffee,der,coffee,noun,Das ist der Kaffee.; Ich trinke morgens gerne Kaffee.; Der Kaffee ist noch heiß.,That is the coffee.; I like to drink coffee in the morning.; The coffee is still hot.
Food & Drink,der Tee,der,tea,noun,Das ist der Tee.; Möchtest du eine Tasse Tee?; Der Tee schmeckt nach Minze.,That is the tea.; Would you like a cup of tea?; The tea tastes like mint.
Food & Drink,die Suppe,die,soup,noun,Das ist die Suppe.; Ich esse gern Tomatensuppe.; Die Suppe ist sehr heiß.,That is the soup.; I like to eat tomato soup.; The soup is very hot.
Food & Drink,der Fisch,der,fish,noun,Das ist der Fisch.; Wir essen heute gebratenen Fisch.; Der Fisch schwimmt im Aquarium.,That is the fish.; We are eating fried fish today.; The fish is swimming in the aquarium.
Food & Drink,das Fleisch,das,meat,noun,Das ist das Fleisch.; Ich kaufe frisches Fleisch vom Metzger.; Fleisch ist eine gute Proteinquelle.,That is the meat.; I buy fresh meat from the butcher.; Meat is a good source of protein.
Food & Drink,die Kartoffel,die,potato,noun,Das ist die Kartoffel.; Ich koche heute Kartoffeln zum Abendessen.; Kartoffeln sind vielseitig in der Küche.,That is the potato.; I am cooking potatoes for dinner today.; Potatoes are versatile in the kitchen.
Food & Drink,der Reis,der,rice,noun,Das ist der Reis.; Ich esse gerne Reis mit Gemüse.; Der Reis muss noch gekocht werden.,That is the rice.; I like to eat rice with vegetables.; The rice still needs to be cooked.
Food & Drink,das Gemüse,das,vegetables,noun,Das ist das Gemüse.; Frisches Gemüse ist gesund.; Ich habe viel Gemüse im Garten gepflanzt.,That is the vegetables.; Fresh vegetables are healthy.; I planted a lot of vegetables in the garden.
Food & Drink,das Obst,das,fruit,noun,Das ist das Obst.; Ich esse jeden Tag Obst zum Frühstück.; Das Obst ist reif und süß.,That is the fruit.; I eat fruit every day for breakfast.; The fruit is ripe and sweet.
Food & Drink,der Apfel,der,apple,noun,Das ist der Apfel.; Ein Apfel am Tag hält den Arzt fern.; Ich mag rote Äpfel lieber als grüne.,That is the apple.; An apple a day keeps the doctor away.; I prefer red apples to green ones.
Food & Drink,die Banane,die,banana,noun,Das ist die Banane.; Ich esse jeden Morgen eine Banane zum Frühstück.; Die Banane ist reich an Kalium.,That is the banana.; I eat a banana every morning for breakfast.; The banana is rich in potassium.
Food & Drink,die Orange,die,orange,noun,"Das ist die Orange.; Frischer Orangensaft schmeckt am besten.; Die Orange hat eine dicke, orangefarbene Schale.","That is the orange.; Fresh orange juice tastes best.; The orange has a thick, orange-colored peel."
Food & Drink,die Zitrone,die,lemon,noun,Das ist die Zitrone.; Eine Zitrone macht den Tee frisch und würzig.; Zitronensaft wird oft zum Kochen verwendet.,That is the lemon.; A lemon makes the tea fresh and spicy.; Lemon juice is often used in cooking.
Food & Drink,die Traube,die,grape,noun,Das ist die Traube.; Die Trauben hängen reif am Weinstock.; Ich mag rote Trauben lieber als grüne Trauben.,That is the grape.; The grapes hang ripe on the vine.; I like red grapes more than green grapes.
Food & Drink,die Tomate,die,tomato,noun,Das ist die Tomate.; Frische Tomaten sind lecker in Salaten.; Die Tomate ist eine wichtige Zutat in der italienischen Küche.,That is the tomato.; Fresh tomatoes are delicious in salads.; The tomato is an important ingredient in Italian cuisine.
Food & Drink,die Gurke,die,cucumber,noun,Das ist die Gurke.; Gurken sind erfrischend und gesund.; Im Sommer esse ich oft Gurkensalat.,"That is the cucumber.; Cucumbers are refreshing and healthy.; In summer, I often eat cucumber salad."
Food & Drink,der Salat,der,salad,noun,Das ist der Salat.; Zum Mittagessen gab es einen frischen Salat.; Ich mag Salat mit Olivenöl und Balsamico.,"That is the salad.; For lunch, there was a fresh salad.; I like salad with olive oil and balsamic vinegar."
Food & Drink,der Käse,der,cheese,noun,Das ist der Käse.; Käse schmeckt besonders gut auf frischem Brot.; Ich bevorzuge Käse aus der Schweiz.,That is the cheese.; Cheese tastes especially good on fresh bread.; I prefer cheese from Switzerland.
Food & Drink,die Butter,die,butter,noun,Das ist die Butter.; Butter macht den Kuchen saftig und lecker.; Zum Frühstück esse ich Butter auf meinem Brot.,"That is the butter.; Butter makes the cake moist and tasty.; For breakfast, I eat butter on my bread."
Food & Drink,das Ei,das,egg,noun,Das ist das Ei.; Ich koche jeden Morgen ein Ei.; Das Ei enthält viel Protein.,That is the egg.; I cook an egg every morning.; The egg contains a lot of protein.
Food & Drink,der Zucker,der,sugar,noun,Das ist der Zucker.; Ich nehme keinen Zucker in meinen Kaffee.; Zucker macht Kuchen süß.,That is the sugar.; I don’t take sugar in my coffee.; Sugar makes cakes sweet.
Food & Drink,das Salz,das,salt,noun,Das ist das Salz.; Bitte gib etwas Salz in die Suppe.; Salz ist ein wichtiges Gewürz beim Kochen.,That is the salt.; Please add some salt to the soup.; Salt is an important spice in cooking.
Food & Drink,der Pfeffer,der,pepper,noun,Das ist der Pfeffer.; Pfeffer gibt dem Essen eine scharfe Note.; Ich streue Pfeffer auf meinen Salat.,That is the pepper.; Pepper gives the food a spicy note.; I sprinkle pepper on my salad.
Food & Drink,das Öl,das,oil,noun,Das ist das Öl.; Zum Braten verwende ich Olivenöl.; Öl ist wichtig für eine ausgewogene Ernährung.,That is the oil.; I use olive oil for frying.; Oil is important for a balanced diet.
Food & Drink,der Honig,der,honey,noun,Das ist der Honig.; Honig ist eine natürliche Süßigkeit.; Ich mag Honig im Tee.,That is the honey.; Honey is a natural sweetener.; I like honey in my tea.
Food & Drink,das Bier,das,beer,noun,Das ist das Bier.; Ich trinke gerne kaltes Bier im Sommer.; Auf der Party gab es viele Sorten Bier.,That is the beer.; I like to drink cold beer in summer.; There were many types of beer at the party.
Food & Drink,der Wein,der,wine,noun,Das ist der Wein.; Zum Abendessen trinken wir roten Wein.; Dieser Wein schmeckt sehr gut.,That is the wine.; We drink red wine with dinner.; This wine tastes very good.
Food & Drink,das Frühstück,das,breakfast,noun,Das ist das Frühstück.; Zum Frühstück esse ich gerne Brot und Marmelade.; Wir treffen uns jeden Sonntag zum Frühstück.,"That is the breakfast.; For breakfast, I like to eat bread and jam.; We meet every Sunday for breakfast."
Food & Drink,das Mittagessen,das,lunch,noun,Das ist das Mittagessen.; Das Mittagessen ist um zwölf Uhr.; Ich nehme mein Mittagessen mit zur Arbeit.,That is the lunch.; Lunch is at twelve o'clock.; I take my lunch with me to work.
Food & Drink,das Abendessen,das,dinner,noun,Das ist das Abendessen.; Wir essen das Abendessen meistens um acht Uhr.; Das Abendessen war sehr lecker heute.,That is the dinner.; We usually eat dinner at eight o'clock.; Dinner was very delicious today.
Food & Drink,der Nachtisch,der,dessert,noun,Das ist der Nachtisch.; Zum Nachtisch gibt es Eis.; Der Nachtisch war süß und köstlich.,"That is the dessert.; For dessert, there is ice cream.; The dessert was sweet and delicious."
Food & Drink,die Speisekarte,die,menu,noun,Das ist die Speisekarte.; Kann ich bitte die Speisekarte sehen?; Die Speisekarte bietet viele vegetarische Gerichte.,That is the menu.; Can I please see the menu?; The menu offers many vegetarian dishes.
Food & Drink,die Rechnung,die,bill,noun,Das ist die Rechnung.; Könnten wir bitte die Rechnung bekommen?; Die Rechnung ist schon bezahlt.,That is the bill.; Could we please get the bill?; The bill has already been paid.
Food & Drink,vegetarisch,,vegetarian,adjective,Ich mag vegetarisch.; Sie bestellt immer vegetarisches Essen.; Vegetarische Gerichte sind oft sehr gesund.,I like vegetarian.; She always orders vegetarian food.; Vegetarian dishes are often very healthy.
Food & Drink,vegan,,vegan,adjective,Ich mag vegan.; Er lebt seit einem Jahr vegan.; Vegane Ernährung ist umweltfreundlich.,I like vegan.; He has been living vegan for a year.; A vegan diet is environmentally friendly.
Food & Drink,glutenfrei,,gluten‑free,adjective,Ich mag glutenfrei.; Glutenfreie Produkte sind wichtig für Menschen mit Zöliakie.; Dieses Brot ist glutenfrei.,I like gluten-free.; Gluten-free products are important for people with celiac disease.; This bread is gluten-free.
Food & Drink,Prost!,,cheers!,interjection,"Ich mag Prost!.; Prost! Auf ein schönes Wochenende!; Wir sagen immer Prost, bevor wir trinken.",I like cheers!.; Cheers! To a nice weekend!; We always say cheers before we drink.
Food & Drink,der Durst,der,thirst,noun,Das ist der Durst.; Nach dem Sport habe ich großen Durst.; Der Durst wird am besten mit Wasser gelöscht.,"That is the thirst.; After sports, I am very thirsty.; Thirst is best quenched with water."
Food & Drink,der Hunger,der,hunger,noun,"Das ist der Hunger.; Ich habe großen Hunger nach dem Training.; Der Hunger wächst, wenn man lange nichts isst.",That is the hunger.; I am very hungry after training.; Hunger grows when you don't eat for a long time.
Food & Drink,Guten Appetit!,,enjoy your meal,interjection,"Ich mag Guten Appetit!.; Guten Appetit! Das Essen sieht lecker aus.; Bevor wir essen, sagen alle: Guten Appetit!","I like enjoy your meal.; Enjoy your meal! The food looks delicious.; Before we eat, everyone says: enjoy your meal!"
Food & Drink,teuer,,expensive,adjective,Ich mag teuer.; Das Auto ist sehr teuer.; Diese Uhr ist zu teuer für mich.,I like expensive.; The car is very expensive.; This watch is too expensive for me.
Food & Drink,billig,,cheap,adjective,"Ich mag billig.; Das Kleid war billig, aber gut.; Billiges Essen schmeckt oft nicht so gut.",I like cheap.; The dress was cheap but good.; Cheap food often doesn't taste that good.
Food & Drink,bezahlen,,to pay,verb,Ich mag bezahlen.; Kannst du bitte die Rechnung bezahlen?; Wir müssen das Essen gemeinsam bezahlen.,I like to pay.; Can you please pay the bill?; We have to pay for the food together.
Food & Drink,bestellen,,to order,verb,Ich mag bestellen.; Ich möchte eine Pizza bestellen.; Wir haben das Essen online bestellt.,I like to order.; I would like to order a pizza.; We ordered the food online.
Food & Drink,kochen,,to cook,verb,Ich mag kochen.; Meine Mutter kann sehr gut kochen.; Heute Abend werde ich Pasta kochen.,I like to cook.; My mother can cook very well.; Tonight I will cook pasta.
Food & Drink,backen,,to bake,verb,Ich mag backen.; Am Wochenende backe ich einen Kuchen.; Sie backt frisches Brot jeden Morgen.,I like to bake.; On the weekend I bake a cake.; She bakes fresh bread every morning.
Food & Drink,schmecken,,to taste,verb,Ich mag schmecken.; Die Suppe schmeckt sehr gut.; Wie schmeckt dir das Essen?,I like to taste.; The soup tastes very good.; How does the food taste to you?
Home & Objects,das Haus,das,house,noun,Das ist das Haus.; Wir wohnen in einem großen Haus.; Das Haus hat einen schönen Garten.,That is the house.; We live in a big house.; The house has a beautiful garden.
Home & Objects,die Wohnung,die,apartment,noun,Das ist die Wohnung.; Meine Wohnung ist im dritten Stock.; Ich suche eine günstige Wohnung in der Stadt.,That is the apartment.; My apartment is on the third floor.; I am looking for an affordable apartment in the city.
Home & Objects,das Zimmer,das,room,noun,Das ist das Zimmer.; Mein Zimmer ist sehr hell und groß.; Wir brauchen noch ein Zimmer für den Gast.,That is the room.; My room is very bright and large.; We still need a room for the guest.
Home & Objects,die Küche,die,kitchen,noun,Das ist die Küche.; In der Küche koche ich mein Essen.; Die neue Küche ist modern und groß.,That is the kitchen.; I cook my food in the kitchen.; The new kitchen is modern and big.
Home & Objects,das Bad,das,bathroom,noun,Das ist das Bad.; Das Bad ist sauber und hell.; Wir renovieren gerade das Bad.,That is the bathroom.; The bathroom is clean and bright.; We are currently renovating the bathroom.
Home & Objects,das Schlafzimmer,das,bedroom,noun,Das ist das Schlafzimmer.; Im Schlafzimmer steht ein großes Bett.; Das Schlafzimmer hat ein großes Fenster.,That is the bedroom.; There is a big bed in the bedroom.; The bedroom has a large window.
Home & Objects,das Wohnzimmer,das,living room,noun,Das ist das Wohnzimmer.; Im Wohnzimmer sehen wir oft fern.; Das Wohnzimmer ist gemütlich eingerichtet.,That is the living room.; We often watch TV in the living room.; The living room is furnished comfortably.
Home & Objects,der Balkon,der,balcony,noun,Das ist der Balkon.; Wir frühstücken jeden Morgen auf dem Balkon.; Der Balkon hat eine tolle Aussicht.,That is the balcony.; We have breakfast every morning on the balcony.; The balcony has a great view.
Home & Objects,die Tür,die,door,noun,"Das ist die Tür.; Bitte schließe die Tür, wenn du gehst.; Die Tür zum Garten ist offen.",That is the door.; Please close the door when you leave.; The door to the garden is open.
Home & Objects,das Fenster,das,window,noun,"Das ist das Fenster.; Das Fenster ist geöffnet, damit frische Luft hereinkommt.; Ich sehe die Vögel durch das Fenster.",That is the window.; The window is open so fresh air can come in.; I see the birds through the window.
Home & Objects,der Tisch,der,table,noun,Das ist der Tisch.; Der Tisch steht in der Mitte des Zimmers.; Wir haben den Tisch für das Abendessen gedeckt.,That is the table.; The table is in the middle of the room.; We set the table for dinner.
Home & Objects,der Stuhl,der,chair,noun,Das ist der Stuhl.; Der Stuhl ist sehr bequem.; Bitte nimm auf dem Stuhl Platz.,That is the chair.; The chair is very comfortable.; Please take a seat on the chair.
Home & Objects,das Bett,das,bed,noun,Das ist das Bett.; Ich lege mich jetzt ins Bett.; Das Bett ist sehr weich und gemütlich.,That is the bed.; I am going to lie down in bed now.; The bed is very soft and cozy.
Home & Objects,die Lampe,die,lamp,noun,"Das ist die Lampe.; Die Lampe steht auf dem Nachttisch.; Bitte mach die Lampe an, es wird dunkel.","That is the lamp.; The lamp is on the bedside table.; Please turn on the lamp, it's getting dark."
Home & Objects,der Schrank,der,wardrobe,noun,Das ist der Schrank.; Der Schrank ist voll mit Kleidung.; Ich habe meine Schuhe im Schrank verstaut.,That is the wardrobe.; The wardrobe is full of clothes.; I stored my shoes in the wardrobe.
Home & Objects,die Dusche,die,shower,noun,Das ist die Dusche.; Ich nehme jeden Morgen eine Dusche.; Die Dusche ist im Badezimmer neben der Badewanne.,That is the shower.; I take a shower every morning.; The shower is in the bathroom next to the bathtub.
Home & Objects,die Badewanne,die,bathtub,noun,Das ist die Badewanne.; Ich entspanne mich gern in der Badewanne.; Die Badewanne ist mit warmem Wasser gefüllt.,That is the bathtub.; I like to relax in the bathtub.; The bathtub is filled with warm water.
Home & Objects,der Spiegel,der,mirror,noun,Das ist der Spiegel.; Ich sehe mich jeden Morgen im Spiegel an.; Der Spiegel hängt über dem Waschbecken.,That is the mirror.; I look at myself in the mirror every morning.; The mirror hangs above the sink.
Home & Objects,der Teppich,der,carpet,noun,Das ist der Teppich.; Der Teppich liegt im Wohnzimmer.; Ich habe einen neuen Teppich gekauft.,That is the carpet.; The carpet is in the living room.; I bought a new carpet.
Home & Objects,der Fernseher,der,television,noun,Das ist der Fernseher.; Wir schauen abends gern fernsehen.; Der Fernseher steht im Wohnzimmer.,That is the television.; We like to watch TV in the evening.; The television is in the living room.
Home & Objects,die Waschmaschine,die,washing machine,noun,Das ist die Waschmaschine.; Die Waschmaschine ist im Keller.; Ich habe die Waschmaschine heute benutzt.,That is the washing machine.; The washing machine is in the basement.; I used the washing machine today.
Home & Objects,der Kühlschrank,der,fridge,noun,"Das ist der Kühlschrank.; Im Kühlschrank sind viele Lebensmittel.; Bitte schließe den Kühlschrank, sonst wird es warm.","That is the fridge.; There are many groceries in the fridge.; Please close the fridge, otherwise it will get warm."
Home & Objects,der Herd,der,stove,noun,Das ist der Herd.; Ich koche das Essen auf dem Herd.; Der Herd ist sehr sauber.,That is the stove.; I cook the food on the stove.; The stove is very clean.
Home & Objects,die Heizung,die,heater,noun,Das ist die Heizung.; Die Heizung funktioniert im Winter sehr gut.; Kannst du die Heizung bitte etwas wärmer einstellen?,That is the heater.; The heater works very well in winter.; Can you please set the heater a bit warmer?
Home & Objects,die Treppe,die,stairs,noun,Das ist die Treppe.; Bitte geh vorsichtig die Treppe hinunter.; Die Treppe im Haus ist aus Holz.,That is the stairs.; Please go down the stairs carefully.; The stairs in the house are made of wood.
Home & Objects,der Aufzug,der,elevator,noun,Das ist der Aufzug.; Nimmst du den Aufzug oder die Treppe?; Der Aufzug ist wegen Wartung außer Betrieb.,That is the elevator.; Do you take the elevator or the stairs?; The elevator is out of service for maintenance.
Home & Objects,die Miete,die,rent,noun,Das ist die Miete.; Die Miete für diese Wohnung ist sehr hoch.; Ich muss die Miete bis zum Monatsende bezahlen.,That is the rent.; The rent for this apartment is very high.; I have to pay the rent by the end of the month.
Home & Objects,der Schlüssel,der,key,noun,Das ist der Schlüssel.; Hast du den Schlüssel für die Haustür?; Ich habe meinen Schlüssel verloren.,That is the key.; Do you have the key for the front door?; I have lost my key.
Home & Objects,umziehen,,to move (house),verb,"Ich mag umziehen.; Wir werden nächsten Monat umziehen.; Es ist stressig, aber aufregend, in ein neues Haus umzuziehen.",I like to move (house).; We will move next month.; It is stressful but exciting to move into a new house.
Home & Objects,der Vermieter,der,landlord,noun,Das ist der Vermieter.; Der Vermieter hat die Reparatur genehmigt.; Ich habe den Vermieter wegen der kaputten Heizung angerufen.,That is the landlord.; The landlord approved the repair.; I called the landlord about the broken heater.
Home & Objects,die Nachbarn,die,neighbours,noun,Das ist die Nachbarn.; Unsere Nachbarn sind sehr freundlich.; Die Nachbarn machen oft Lärm am Wochenende.,That is the neighbours.; Our neighbours are very friendly.; The neighbours often make noise on weekends.
Home & Objects,die Adresse,die,address,noun,Das ist die Adresse.; Kannst du mir deine Adresse geben?; Die Adresse steht auf dem Brief.,That is the address.; Can you give me your address?; The address is on the letter.
Home & Objects,die Postleitzahl,die,postal code,noun,Das ist die Postleitzahl.; Die Postleitzahl von Berlin ist 10115.; Bitte gib die richtige Postleitzahl an.,That is the postal code.; The postal code of Berlin is 10115.; Please provide the correct postal code.
Home & Objects,das Dorf,das,village,noun,Das ist das Dorf.; Ich komme aus einem kleinen Dorf in den Bergen.; Das Dorf hat nur wenige Einwohner.,That is the village.; I come from a small village in the mountains.; The village has only a few inhabitants.
Home & Objects,die Stadt,die,city,noun,Das ist die Stadt.; Berlin ist eine große Stadt.; Die Stadt ist sehr lebendig und bunt.,That is the city.; Berlin is a big city.; The city is very lively and colorful.
Home & Objects,zentral,,central,adjective,Ich mag zentral.; Die Wohnung liegt zentral in der Innenstadt.; Wir suchen ein Hotel mit zentraler Lage.,I like central.; The apartment is located centrally in the city center.; We are looking for a hotel with a central location.
Home & Objects,ruhig,,quiet,adjective,"Ich mag ruhig.; Die Gegend ist sehr ruhig und ideal zum Entspannen.; Bitte sei ruhig, ich lese gerade.","I like quiet.; The area is very quiet and ideal for relaxing.; Please be quiet, I am reading right now."
Home & Objects,laut,,loud,adjective,"Ich mag laut.; Die Musik ist heute Abend sehr laut.; Bitte sei nicht so laut, sonst weckst du die Kinder auf.","I like loud.; The music is very loud tonight.; Please don't be so loud, otherwise you will wake the children."
Home & Objects,weit,,far,Adjective / Adverb,Ich mag weit.; Das Ziel ist noch weit entfernt.; Er wohnt weit von hier.,I like far.; The destination is still far away.; He lives far from here.
Numbers & Time,null,,zero,Numeral,Es ist null Uhr.; Ich habe null Fehler gemacht.; Die Temperatur liegt bei null Grad.,It is zero o'clock.; I made zero mistakes.; The temperature is at zero degrees.
Numbers & Time,eins,,one,Numeral,Ich habe eins Bücher.; Ich habe ein Buch gelesen.; Eins plus eins ist zwei.,I have one books.; I have read one book.; One plus one is two.
Numbers & Time,zwei,,two,Numeral,Ich habe zwei Bücher.; Sie haben zwei Katzen.; Zwei ist eine gerade Zahl.,I have two books.; They have two cats.; Two is an even number.
Numbers & Time,drei,,three,Numeral,Ich habe drei Bücher.; Wir sind zu dritt gekommen.; Drei ist eine ungerade Zahl.,I have three books.; We came as three people.; Three is an odd number.
Numbers & Time,vier,,four,Numeral,Ich habe vier Bücher.; Wir brauchen vier Stühle.; Vier Jahreszeiten gibt es im Jahr.,I have four books.; We need four chairs.; There are four seasons in the year.
Numbers & Time,fünf,,five,Numeral,Ich habe fünf Bücher.; Sie bekam fünf Punkte.; Fünf Finger hat jede Hand.,I have five books.; She got five points.; Five fingers are on each hand.
Numbers & Time,sechs,,six,Numeral,Ich habe sechs Bücher.; Sechs Schüler sind krank.; Sechs ist eine gerade Zahl.,I have six books.; Six students are sick.; Six is an even number.
Numbers & Time,sieben,,seven,Numeral,Ich habe sieben Bücher.; Sieben Tage hat die Woche.; Sieben ist eine Glückszahl.,I have seven books.; A week has seven days.; Seven is a lucky number.
Numbers & Time,acht,,eight,Numeral,Ich habe acht Bücher.; Acht Uhr ist die Schule aus.; Acht ist eine gerade Zahl.,I have eight books.; School ends at eight o'clock.; Eight is an even number.
Numbers & Time,neun,,nine,Numeral,Ich habe neun Bücher.; Neun ist eine ungerade Zahl.; Der Film beginnt um neun Uhr.,I have nine books.; Nine is an odd number.; The movie starts at nine o'clock.
Numbers & Time,zehn,,ten,Numeral,Das kostet zehn Euro.; Ich habe zehn Finger.; Zehn Schüler sind anwesend.,That costs ten euros.; I have ten fingers.; Ten students are present.
Numbers & Time,elf,,eleven,Numeral,Das kostet elf Euro.; Elf Spieler sind auf dem Feld.; Der Zug kommt um elf Uhr an.,That costs eleven euros.; Eleven players are on the field.; The train arrives at eleven o'clock.
Numbers & Time,zwölf,,twelve,Numeral,Das kostet zwölf Euro.; Zwölf Monate hat das Jahr.; Zwölf Uhr ist Mittag.,That costs twelve euros.; The year has twelve months.; Twelve o'clock is noon.
Numbers & Time,dreizehn,,thirteen,Numeral,Das kostet dreizehn Euro.; Dreizehn ist eine ungerade Zahl.; Heute ist der dreizehnte Tag im Monat.,That costs thirteen euros.; Thirteen is an odd number.; Today is the thirteenth day of the month.
Numbers & Time,vierzehn,,fourteen,numeral,Das kostet vierzehn Euro.; Ich habe vierzehn Äpfel gekauft.; Der Kurs dauert vierzehn Tage.,That costs fourteen euros.; I bought fourteen apples.; The course lasts fourteen days.
Numbers & Time,fünfzehn,,fifteen,numeral,Das kostet fünfzehn Euro.; Er ist fünfzehn Jahre alt.; Wir treffen uns in fünfzehn Minuten.,That costs fifteen euros.; He is fifteen years old.; We meet in fifteen minutes.
Numbers & Time,sechzehn,,sixteen,numeral,Das kostet sechzehn Euro.; Sie hat sechzehn Seiten im Bericht geschrieben.; Das Stadion fasst sechzehntausend Zuschauer.,That costs sixteen euros.; She wrote sixteen pages in the report.; The stadium holds sixteen thousand spectators.
Numbers & Time,siebzehn,,seventeen,numeral,Das kostet siebzehn Euro.; Er wird in siebzehn Tagen zurück sein.; Siebzehn Schüler haben die Prüfung bestanden.,That costs seventeen euros.; He will be back in seventeen days.; Seventeen students passed the exam.
Numbers & Time,achtzehn,,eighteen,numeral,Das kostet achtzehn Euro.; Sie ist achtzehn Jahre alt und darf wählen.; Das Buch hat achtzehn Kapitel.,That costs eighteen euros.; She is eighteen years old and allowed to vote.; The book has eighteen chapters.
Numbers & Time,neunzehn,,nineteen,numeral,Das kostet neunzehn Euro.; Neunzehn Schüler haben sich angemeldet.; Der Termin ist in neunzehn Tagen.,That costs nineteen euros.; Nineteen students have registered.; The appointment is in nineteen days.
Numbers & Time,zwanzig,,twenty,numeral,Das kostet zwanzig Euro.; Ich habe zwanzig Bücher gelesen.; Zwanzig Leute kamen zur Party.,That costs twenty euros.; I read twenty books.; Twenty people came to the party.
Numbers & Time,dreißig,,thirty,numeral,Das kostet dreißig Euro.; Er wird dreißig Jahre alt.; Die Reise dauert dreißig Minuten.,That costs thirty euros.; He is turning thirty years old.; The trip lasts thirty minutes.
Numbers & Time,vierzig,,forty,numeral,Das kostet vierzig Euro.; Sie ist vierzig Jahre alt.; Wir haben vierzig Sitzplätze im Saal.,That costs forty euros.; She is forty years old.; We have forty seats in the hall.
Numbers & Time,fünfzig,,fifty,numeral,Das kostet fünfzig Euro.; Der Bus fährt alle fünfzig Minuten.; Fünfzig Kilometer sind noch zu fahren.,That costs fifty euros.; The bus runs every fifty minutes.; There are fifty kilometers left to drive.
Numbers & Time,sechzig,,sixty,numeral,Das kostet sechzig Euro.; Er feiert seinen sechzigsten Geburtstag.; Die Veranstaltung dauert sechzig Minuten.,That costs sixty euros.; He is celebrating his sixtieth birthday.; The event lasts sixty minutes.
Numbers & Time,siebzig,,seventy,numeral,Das kostet siebzig Euro.; Sie ist siebzig Jahre alt.; Der Bus fährt alle siebzig Minuten.,That costs seventy euros.; She is seventy years old.; The bus runs every seventy minutes.
Numbers & Time,achtzig,,eighty,numeral,Das kostet achtzig Euro.; Er wurde achtzig Jahre alt.; Die Strecke ist achtzig Kilometer lang.,That costs eighty euros.; He turned eighty years old.; The route is eighty kilometers long.
Numbers & Time,neunzig,,ninety,numeral,Das kostet neunzig Euro.; Neunzig Prozent der Teilnehmer waren zufrieden.; Die Temperatur beträgt neunzig Grad Fahrenheit.,That costs ninety euros.; Ninety percent of the participants were satisfied.; The temperature is ninety degrees Fahrenheit.
Numbers & Time,hundert,,hundred,numeral,Das kostet hundert Euro.; Er hat hundert Briefe geschrieben.; Die Entfernung beträgt hundert Kilometer.,That costs hundred euros.; He wrote a hundred letters.; The distance is a hundred kilometers.
Numbers & Time,tausend,,thousand,numeral (cardinal number),Das kostet tausend Euro.; Er hat tausend Freunde auf der Social-Media-Plattform.; Tausend Menschen nahmen an der Demonstration teil.,That costs a thousand euros.; He has a thousand friends on the social media platform.; A thousand people took part in the demonstration.
Numbers & Time,die Uhr,die,o'clock / clock,noun (feminine),Es ist die Uhr Uhr.; Ich habe eine neue Uhr gekauft.; Die Uhr an der Wand zeigt die richtige Zeit an.,It is the o'clock o'clock.; I bought a new clock/watch.; The clock on the wall shows the correct time.
Numbers & Time,die Stunde,die,hour,noun (feminine),Es ist die Stunde Uhr.; Ich arbeite acht Stunden am Tag.; Die Stunde der Wahrheit ist gekommen.,It is the hour o'clock.; I work eight hours a day.; The hour of truth has come.
Numbers & Time,die Minute,die,minute,noun (feminine),Es ist die Minute Uhr.; Bitte warte eine Minute.; Die Minute vor dem Spiel war sehr spannend.,It is the minute o'clock.; Please wait a minute.; The minute before the game was very exciting.
Numbers & Time,die Sekunde,die,second,noun (feminine),Es ist die Sekunde Uhr.; Eine Sekunde kann entscheidend sein.; Ich habe nur noch wenige Sekunden Zeit.,It is the second o'clock.; One second can be crucial.; I only have a few seconds left.
Numbers & Time,heute,,today,adverb,Es ist heute Uhr.; Heute ist ein schöner Tag.; Heute habe ich viel zu tun.,It is today o'clock.; Today is a beautiful day.; Today I have a lot to do.
Numbers & Time,gestern,,yesterday,adverb,Es ist gestern Uhr.; Gestern war ich im Kino.; Gestern hat es den ganzen Tag geregnet.,It is yesterday o'clock.; Yesterday I was at the cinema.; Yesterday it rained all day.
Numbers & Time,morgen,,tomorrow,adverb / noun (masculine) depending on context,Es ist morgen Uhr.; Morgen werde ich meine Familie besuchen.; Der Morgen ist oft die schönste Zeit des Tages.,It is tomorrow o'clock.; Tomorrow I will visit my family.; The morning is often the most beautiful time of the day.
Numbers & Time,jetzt,,now,adverb,Es ist jetzt Uhr.; Ich muss jetzt gehen.; Jetzt ist der richtige Moment.,It is now o'clock.; I have to go now.; Now is the right moment.
Numbers & Time,früh,,early,adjective / adverb,Es ist früh Uhr.; Ich stehe früh auf.; Früh am Morgen ist es noch ruhig.,"It is early o'clock.; I get up early.; Early in the morning, it is still quiet."
Numbers & Time,spät,,late,adjective / adverb,"Es ist spät Uhr.; Ich komme heute spät nach Hause.; Es ist schon spät, wir sollten gehen.","It is late o'clock.; I am coming home late today.; It is already late, we should go."
Numbers & Time,pünktlich,,on time,adjective / adverb,Es ist pünktlich Uhr.; Der Zug ist pünktlich angekommen.; Sei bitte pünktlich zum Meeting.,It is on time o'clock.; The train arrived on time.; Please be on time for the meeting.
Numbers & Time,Montag,,Monday,noun (masculine),Es ist Montag Uhr.; Am Montag habe ich frei.; Montag ist der erste Tag der Arbeitswoche.,It is Monday o'clock.; I have a day off on Monday.; Monday is the first day of the work week.
Numbers & Time,Dienstag,,Tuesday,noun (masculine),Es ist Dienstag Uhr.; Am Dienstag habe ich einen Termin beim Arzt.; Dienstag ist mein Lieblingstag.,It is Tuesday o'clock.; I have a doctor's appointment on Tuesday.; Tuesday is my favorite day.
Numbers & Time,Mittwoch,,Wednesday,noun (masculine),Es ist Mittwoch Uhr.; Mittwoch ist die Mitte der Woche.; Am Mittwoch treffe ich meine Freunde.,It is Wednesday o'clock.; Wednesday is the middle of the week.; On Wednesday I meet my friends.
Numbers & Time,Donnerstag,der,Thursday,noun,Es ist Donnerstag Uhr.; Am Donnerstag haben wir ein Meeting.; Donnerstag ist mein Lieblingstag in der Woche.,"It is Thursday o'clock.; On Thursday, we have a meeting.; Thursday is my favorite day of the week."
Numbers & Time,Freitag,der,Friday,noun,Es ist Freitag Uhr.; Freitag ist der letzte Arbeitstag der Woche.; Am Freitag gehen wir ins Kino.,"It is Friday o'clock.; Friday is the last working day of the week.; On Friday, we are going to the cinema."
Numbers & Time,Samstag,der,Saturday,noun,Es ist Samstag Uhr.; Samstag ist ideal zum Entspannen.; Am Samstag besuche ich meine Freunde.,"It is Saturday o'clock.; Saturday is ideal for relaxing.; On Saturday, I visit my friends."
Numbers & Time,Sonntag,der,Sunday,noun,Es ist Sonntag Uhr.; Sonntag ist ein ruhiger Tag.; Am Sonntag machen wir einen Ausflug.,"It is Sunday o'clock.; Sunday is a quiet day.; On Sunday, we go on an excursion."
Numbers & Time,der Morgen,der,morning,noun,Es ist der Morgen Uhr.; Der Morgen ist die beste Zeit zum Joggen.; Ich trinke morgens immer Kaffee.,It is morning o'clock.; Morning is the best time for jogging.; I always drink coffee in the morning.
Numbers & Time,der Vormittag,der,morning (late),noun,Es ist der Vormittag Uhr.; Am Vormittag habe ich einen Termin.; Der Vormittag vergeht schnell.,It is late morning o'clock.; I have an appointment in the late morning.; The late morning passes quickly.
Numbers & Time,der Mittag,der,noon,noun,Es ist der Mittag Uhr.; Wir essen jeden Tag um der Mittag.; Der Mittag ist die Zeit für eine Pause.,It is noon o'clock.; We eat every day at noon.; Noon is the time for a break.
Numbers & Time,der Nachmittag,der,afternoon,noun,Es ist der Nachmittag Uhr.; Am Nachmittag gehe ich spazieren.; Der Nachmittag ist oft sehr produktiv.,"It is afternoon o'clock.; In the afternoon, I go for a walk.; The afternoon is often very productive."
Numbers & Time,der Abend,der,evening,noun,Es ist der Abend Uhr.; Am Abend lese ich gerne Bücher.; Der Abend ist die Zeit zum Entspannen.,"It is evening o'clock.; In the evening, I like to read books.; The evening is the time to relax."
Numbers & Time,die Nacht,die,night,noun,Es ist die Nacht Uhr.; In der Nacht ist es sehr ruhig.; Ich schlafe normalerweise gut in der Nacht.,"It is night o'clock.; At night, it is very quiet.; I usually sleep well at night."
Numbers & Time,Januar,der,January,noun,Es ist Januar Uhr.; Im Januar beginnt das neue Jahr.; Der Januar ist oft sehr kalt.,"It is January o'clock.; In January, the new year begins.; January is often very cold."
Numbers & Time,Februar,der,February,noun,Es ist Februar Uhr.; Der Februar hat nur 28 Tage.; Im Februar feiern wir Karneval.,It is February o'clock.; February has only 28 days.; We celebrate carnival in February.
Numbers & Time,März,der,March,noun,Es ist März Uhr.; Im März beginnt der Frühling.; Der März ist oft wechselhaft.,"It is March o'clock.; In March, spring begins.; March is often changeable."
Numbers & Time,April,der,April,noun,"Es ist April Uhr.; Im April regnet es oft.; April macht, was er will.","It is April o'clock.; In April, it often rains.; April does what it wants."
Numbers & Time,Mai,der,May,noun,Es ist Mai Uhr.; Im Mai blühen die Blumen.; Der Mai ist ein schöner Monat.,"It is May o'clock.; In May, the flowers bloom.; May is a beautiful month."
Numbers & Time,Juni,,June,noun,Es ist Juni Uhr.; Im Juni beginnt der Sommer.; Der Juni ist mein Lieblingsmonat.,It is June o'clock.; Summer begins in June.; June is my favorite month.
Numbers & Time,Juli,,July,noun,Es ist Juli Uhr.; Im Juli fahren wir in den Urlaub.; Der Juli ist oft sehr heiß.,"It is July o'clock.; In July, we go on vacation.; July is often very hot."
Numbers & Time,August,,August,noun,Es ist August Uhr.; Im August feiern wir ein Fest.; Der August ist der letzte Sommermonat.,"It is August o'clock.; In August, we celebrate a festival.; August is the last summer month."
Numbers & Time,September,,September,noun,Es ist September Uhr.; Im September beginnt der Herbst.; Der September ist oft regnerisch.,It is September o'clock.; Autumn begins in September.; September is often rainy.
Numbers & Time,Oktober,,October,noun,Es ist Oktober Uhr.; Im Oktober findet das Oktoberfest statt.; Der Oktober ist kühl und windig.,It is October o'clock.; The Oktoberfest takes place in October.; October is cool and windy.
Numbers & Time,November,,November,noun,Es ist November Uhr.; Im November wird es früh dunkel.; Der November ist oft neblig.,It is November o'clock.; It gets dark early in November.; November is often foggy.
Numbers & Time,Dezember,,December,noun,Es ist Dezember Uhr.; Im Dezember feiern wir Weihnachten.; Der Dezember ist kalt und winterlich.,It is December o'clock.; We celebrate Christmas in December.; December is cold and wintry.
Days & Weather,das Wetter,das,weather,noun,Heute ist das Wetter.; Das Wetter ist heute sehr schön.; Ich mag das wechselhafte Wetter im Frühling.,Today is the weather.; The weather is very nice today.; I like the changeable weather in spring.
Days & Weather,die Sonne,die,sun,noun,"Heute ist die Sonne.; Die Sonne scheint den ganzen Tag.; Ich liebe es, wenn die Sonne scheint.",Today is the sun.; The sun is shining all day.; I love it when the sun shines.
Days & Weather,der Regen,der,rain,noun,Heute ist der Regen.; Der Regen fällt den ganzen Nachmittag.; Nach dem Regen scheint wieder die Sonne.,"Today is the rain.; The rain is falling all afternoon.; After the rain, the sun shines again."
Days & Weather,der Wind,der,wind,noun,Heute ist der Wind.; Der Wind weht stark vom Meer.; Im Herbst ist der Wind oft kalt.,"Today is the wind.; The wind blows strongly from the sea.; In autumn, the wind is often cold."
Days & Weather,der Schnee,der,snow,noun,Heute ist der Schnee.; Der Schnee bedeckt die Berge.; Im Winter fällt viel Schnee.,Today is the snow.; The snow covers the mountains.; A lot of snow falls in winter.
Days & Weather,die Wolke,die,cloud,noun,Heute ist die Wolke.; Die Wolken verdecken die Sonne.; Am Himmel sind viele Wolken.,Today is the cloud.; The clouds hide the sun.; There are many clouds in the sky.
Days & Weather,heiß,,hot,adjective,Heute ist heiß.; Im Sommer ist es oft sehr heiß.; Das Wasser im Pool ist heiß.,Today is hot.; It is often very hot in summer.; The water in the pool is hot.
Days & Weather,kalt,,cold,adjective,Heute ist kalt.; Im Winter ist es meistens kalt.; Das kalte Wetter macht mich müde.,Today is cold.; It is usually cold in winter.; The cold weather makes me tired.
Days & Weather,warm,,warm,adjective,Heute ist warm.; Das Wasser im See ist heute sehr warm.; Ich trage heute ein warmes Hemd.,Today is warm.; The water in the lake is very warm today.; I am wearing a warm shirt today.
Days & Weather,kühl,,cool,adjective,Heute ist kühl.; Am Abend wird es kühl.; Ich mag kühlere Temperaturen im Herbst.,Today is cool.; It gets cool in the evening.; I like cooler temperatures in autumn.
Days & Weather,trocken,,dry,adjective,Heute ist trocken.; Der Sommer war dieses Jahr sehr trocken.; Nach der Regenpause ist die Straße wieder trocken.,"Today is dry.; The summer was very dry this year.; After the rain break, the street is dry again."
Days & Weather,nass,,wet,adjective,Heute ist nass.; Nach dem Regen sind meine Schuhe nass.; Der Boden ist nach dem Tau nass.,"Today is wet.; After the rain, my shoes are wet.; The ground is wet after the dew."
Days & Weather,der Frühling,der,spring,noun,Heute ist der Frühling.; Im Frühling blühen die Blumen.; Der Frühling ist meine Lieblingsjahreszeit.,"Today is spring.; In spring, the flowers bloom.; Spring is my favorite season."
Days & Weather,der Sommer,der,summer,noun,Heute ist der Sommer.; Im Sommer fahren wir ans Meer.; Der Sommer ist oft sehr heiß.,"Today is summer.; In summer, we go to the sea.; Summer is often very hot."
Days & Weather,der Herbst,der,autumn,noun,Heute ist der Herbst.; Im Herbst fallen die Blätter von den Bäumen.; Der Herbst ist bekannt für sein buntes Laub.,"Today is autumn.; In autumn, the leaves fall from the trees.; Autumn is known for its colorful foliage."
Days & Weather,der Winter,der,winter,noun,Heute ist der Winter.; Im Winter liegt oft Schnee.; Der Winter ist die kälteste Jahreszeit.,"Today is winter.; In winter, there is often snow.; Winter is the coldest season."
Days & Weather,grad,,degree,noun,Heute ist grad.; Es sind 20 Grad Celsius draußen.; Die Temperatur steigt um fünf Grad.,Today is degree.; It is 20 degrees Celsius outside.; The temperature rises by five degrees.
Days & Weather,das Gewitter,das,thunderstorm,noun,Heute ist das Gewitter.; Ein starkes Gewitter zieht auf.; Das Gewitter hat die ganze Nacht gedauert.,Today is the thunderstorm.; A strong thunderstorm is approaching.; The thunderstorm lasted all night.
Days & Weather,das Eis,das,ice,noun,Heute ist das Eis.; Das Eis auf dem See ist dick genug zum Schlittschuhlaufen.; Ich esse gerne Eis im Sommer.,Today is the ice.; The ice on the lake is thick enough for ice skating.; I like eating ice cream in summer.
Days & Weather,die Temperatur,die,temperature,noun,Heute ist die Temperatur.; Die Temperatur sinkt nachts schnell ab.; Die Temperatur erreicht heute 25 Grad.,Today is the temperature.; The temperature drops quickly at night.; The temperature reaches 25 degrees today.
Days & Weather,das Klima,das,climate,noun,Heute ist das Klima.; Das Klima in den Tropen ist heiß und feucht.; Das Klima hat sich in den letzten Jahren verändert.,Today is the climate.; The climate in the tropics is hot and humid.; The climate has changed in recent years.
Travel & Transport,das Auto,das,car,noun,Ich nehme das Auto.; Das Auto steht vor dem Haus.; Wir fahren mit dem Auto in den Urlaub.,I take the car.; The car is in front of the house.; We are going on vacation by car.
Travel & Transport,der Zug,der,train,noun,Ich nehme der Zug.; Der Zug fährt um 9 Uhr ab.; Ich kaufe eine Fahrkarte für den Zug.,I take the train.; The train leaves at 9 o'clock.; I buy a ticket for the train.
Travel & Transport,der Bus,der,bus,noun,Ich nehme den Bus.; Der Bus kommt in fünf Minuten.; Wir warten an der Bushaltestelle auf den Bus.,I take the bus.; The bus arrives in five minutes.; We are waiting at the bus stop for the bus.
Travel & Transport,die Straßenbahn,die,tram,noun,Ich nehme die Straßenbahn.; Die Straßenbahn ist pünktlich angekommen.; Wir fahren mit der Straßenbahn zum Zentrum.,I take the tram.; The tram arrived on time.; We are going to the city center by tram.
Travel & Transport,das Fahrrad,das,bicycle,noun,Ich nehme das Fahrrad.; Das Fahrrad ist sehr schnell.; Er repariert sein Fahrrad im Keller.,I take the bicycle.; The bicycle is very fast.; He is repairing his bicycle in the basement.
Travel & Transport,das Flugzeug,das,airplane,noun,Ich nehme das Flugzeug.; Das Flugzeug landet bald.; Wir fliegen morgen mit dem Flugzeug nach Berlin.,I take the airplane.; The airplane is landing soon.; We are flying to Berlin by airplane tomorrow.
Travel & Transport,der Flughafen,der,airport,noun,Ich fahre zum Flughafen.; Der Flughafen ist sehr groß.; Wir treffen uns am Flughafen.,I am going to the airport.; The airport is very large.; We meet at the airport.
Travel & Transport,der Bahnhof,der,train station,noun,Ich gehe zum Bahnhof.; Der Bahnhof ist in der Innenstadt.; Der Zug hält am Bahnhof an.,I am going to the train station.; The train station is downtown.; The train stops at the train station.
Travel & Transport,die Haltestelle,die,stop (bus/tram),noun,Ich warte an der Haltestelle.; Die Haltestelle ist nur wenige Meter entfernt.; Bitte steigen Sie an der nächsten Haltestelle aus.,I am waiting at the stop.; The stop is only a few meters away.; Please get off at the next stop.
Travel & Transport,die Fahrkarte,die,ticket,noun,Ich kaufe eine Fahrkarte.; Die Fahrkarte kostet zehn Euro.; Bitte zeigen Sie Ihre Fahrkarte vor.,I buy a ticket.; The ticket costs ten euros.; Please show your ticket.
Travel & Transport,das Ticket,das,ticket,noun,Ich nehme das Ticket.; Das Ticket ist für den Zug gültig.; Hast du dein Ticket dabei?,I take the ticket.; The ticket is valid for the train.; Do you have your ticket with you?
Travel & Transport,der Fahrplan,der,timetable,noun,Ich schaue den Fahrplan an.; Der Fahrplan zeigt die Abfahrtszeiten.; Der Fahrplan ist online verfügbar.,I look at the timetable.; The timetable shows the departure times.; The timetable is available online.
Travel & Transport,abfahren,,to depart,verb,Wir müssen abfahren.; Der Zug fährt um 9 Uhr ab.; Bitte pünktlich abfahren.,We have to depart.; The train departs at 9 o'clock.; Please depart on time.
Travel & Transport,ankommen,,to arrive,verb,Wir müssen ankommen.; Der Zug kommt um 10 Uhr an.; Wann wirst du ankommen?,We have to arrive.; The train arrives at 10 o'clock.; When will you arrive?
Travel & Transport,einsteigen,,to get in,verb,"Wir müssen einsteigen.; Bitte einsteigen, die Türen schließen.; Sie sind eingeladen, in den Bus einzusteigen.","We have to get in.; Please get in, the doors are closing.; You are invited to get on the bus."
Travel & Transport,aussteigen,,to get out,verb,Wir müssen aussteigen.; Bitte rechtzeitig aussteigen.; Er ist an der letzten Haltestelle ausgestiegen.,We have to get out.; Please get out in time.; He got out at the last stop.
Travel & Transport,umsteigen,,to change (trains),verb,Wir müssen umsteigen.; Am Hauptbahnhof müssen wir umsteigen.; Du musst in Frankfurt umsteigen.,We have to change (trains).; We have to change at the main train station.; You have to change in Frankfurt.
Travel & Transport,fahren,,to drive/ride,verb,Wir müssen fahren.; Ich fahre morgen mit dem Zug nach Berlin.; Kannst du heute Abend fahren?,We have to drive/ride.; I am taking the train to Berlin tomorrow.; Can you drive tonight?
Travel & Transport,fliegen,,to fly,verb,Wir müssen fliegen.; Morgen fliege ich nach New York.; Die Vögel fliegen hoch am Himmel.,We have to fly.; Tomorrow I am flying to New York.; The birds are flying high in the sky.
Travel & Transport,laufen,,to walk/run,verb,Wir müssen laufen.; Ich laufe jeden Morgen im Park.; Er läuft sehr schnell.,We have to walk/run.; I run every morning in the park.; He runs very fast.
Travel & Transport,die Richtung,die,direction,noun,Ich nehme die Richtung.; In welche Richtung müssen wir gehen?; Er zeigte uns die richtige Richtung.,I take the direction.; In which direction do we have to go?; He showed us the correct direction.
Travel & Transport,rechts,,right,adverb,Wir müssen rechts.; Biegen Sie rechts ab.; Das Geschäft ist gleich rechts.,We have to go right.; Turn right.; The store is immediately on the right.
Travel & Transport,links,,left,adverb,Wir müssen links.; Nehmen Sie die erste Straße links.; Das Café ist links um die Ecke.,We have to go left.; Take the first street on the left.; The café is around the corner on the left.
Travel & Transport,geradeaus,,straight ahead,adverb,Wir müssen geradeaus.; Gehen Sie geradeaus bis zur Ampel.; Das Museum liegt geradeaus.,We have to go straight ahead.; Go straight ahead until the traffic light.; The museum is straight ahead.
Travel & Transport,zurück,,back,adverb,"Wir müssen zurück.; Geh zurück zum Haus.; Sie kam zurück, um ihre Tasche zu holen.",We have to go back.; Go back to the house.; She came back to get her bag.
Travel & Transport,der Weg,der,way,noun,Ich nehme der Weg.; Der Weg zum Bahnhof ist lang.; Wir haben den richtigen Weg gefunden.,I take the way.; The way to the train station is long.; We found the right way.
Travel & Transport,die Straße,die,street,noun,Ich nehme die Straße.; Die Straße ist sehr breit.; Er wohnt in einer ruhigen Straße.,I take the street.; The street is very wide.; He lives on a quiet street.
Travel & Transport,die Kreuzung,die,crossroad,noun,Ich nehme die Kreuzung.; An der Kreuzung musst du links abbiegen.; Die Kreuzung ist sehr verkehrsreich.,"I take the crossroad.; At the crossroad, you have to turn left.; The crossroad is very busy."
Travel & Transport,die Ampel,die,traffic light,noun,"Ich nehme die Ampel.; Warte an der Ampel, bis sie grün wird.; Die Ampel steht an der Ecke.",I take the traffic light.; Wait at the traffic light until it turns green.; The traffic light is at the corner.
Travel & Transport,die Brücke,die,bridge,noun,Ich nehme die Brücke.; Die Brücke verbindet die beiden Städte.; Wir gehen über die Brücke.,I take the bridge.; The bridge connects the two cities.; We walk over the bridge.
Travel & Transport,der Verkehr,der,traffic,noun,Ich nehme der Verkehr.; Der Verkehr ist heute sehr stark.; Im Stadtzentrum gibt es viel Verkehr.,I take the traffic.; The traffic is very heavy today.; There is a lot of traffic in the city center.
Travel & Transport,die Reise,die,trip,noun,Ich nehme die Reise.; Unsere Reise nach Italien war wunderschön.; Die Reise dauert drei Stunden.,I take the trip.; Our trip to Italy was wonderful.; The trip takes three hours.
Travel & Transport,das Gepäck,das,luggage,noun,Ich nehme das Gepäck.; Das Gepäck ist schwer.; Wo kann ich mein Gepäck abstellen?,I take the luggage.; The luggage is heavy.; Where can I put down my luggage?
Travel & Transport,der Koffer,der,suitcase,noun,Ich nehme der Koffer.; Der Koffer ist blau.; Hast du deinen Koffer gepackt?,I take the suitcase.; The suitcase is blue.; Have you packed your suitcase?
Travel & Transport,die Tasche,die,bag,noun,Ich nehme die Tasche.; Die Tasche ist sehr leicht.; Könntest du mir bitte die Tasche reichen?,I take the bag.; The bag is very light.; Could you please hand me the bag?
Travel & Transport,der Pass,der,passport,noun,Ich nehme der Pass.; Der Pass liegt auf dem Tisch.; Bitte zeigen Sie Ihren Pass am Schalter.,I take the passport.; The passport is on the table.; Please show your passport at the counter.
Travel & Transport,die Verspätung,die,delay,noun,Ich nehme die Verspätung.; Die Verspätung beträgt 30 Minuten.; Wegen der Verspätung haben wir den Anschlusszug verpasst.,"I take the delay.; The delay is 30 minutes.; Because of the delay, we missed the connecting train."
Verbs (basic),sein,,to be,verb,Ich möchte sein.; Er will Arzt sein.; Wir sind glücklich.,I would like to be.; He wants to be a doctor.; We are happy.
Verbs (basic),haben,,to have,verb,Ich möchte haben.; Sie hat viele Bücher.; Wir haben keine Zeit.,I would like to have.; She has many books.; We have no time.
Verbs (basic),werden,,to become,verb,Ich möchte werden.; Er wird Arzt.; Das Wetter wird besser.,I would like to become.; He is becoming a doctor.; The weather is getting better.
Verbs (basic),machen,,to make/do,verb,Ich möchte machen.; Wir machen eine Pause.; Kannst du das für mich machen?,I would like to do/make.; We are taking a break.; Can you do that for me?
Verbs (basic),gehen,,to go,verb,Ich möchte gehen.; Wir gehen morgen ins Kino.; Sie geht jeden Tag spazieren.,I would like to go.; We are going to the cinema tomorrow.; She goes for a walk every day.
Verbs (basic),kommen,,to come,verb,Ich möchte kommen.; Kommst du heute Abend?; Sie kommen aus Deutschland.,I would like to come.; Are you coming tonight?; They come from Germany.
Verbs (basic),sehen,,to see,verb,Ich möchte sehen.; Ich sehe den Sonnenuntergang.; Kannst du das Bild sehen?,I would like to see.; I see the sunset.; Can you see the picture?
Verbs (basic),geben,,to give,verb,Ich möchte geben.; Sie gibt ihm ein Geschenk.; Kannst du mir das Buch geben?,I would like to give.; She gives him a present.; Can you give me the book?
Verbs (basic),nehmen,,to take,verb,Ich möchte nehmen.; Nimmst du den Bus zur Arbeit?; Wir nehmen den Zug um 8 Uhr.,I would like to take.; Do you take the bus to work?; We take the train at 8 o'clock.
Verbs (basic),finden,,to find,verb,Ich möchte finden.; Ich finde meinen Schlüssel nicht.; Findest du den Film gut?,I would like to find.; I can't find my key.; Do you find the movie good?
Verbs (basic),denken,,to think,verb,Ich möchte denken.; Er denkt oft über die Zukunft nach.; Wir müssen über das Problem nachdenken.,I would like to think.; He often thinks about the future.; We have to think about the problem.
Verbs (basic),wissen,,to know,verb,"Ich möchte wissen.; Weißt du, wo das Buch ist?; Sie wissen viel über Geschichte.",I would like to know.; Do you know where the book is?; They know a lot about history.
Verbs (basic),sagen,,to say,verb,Ich möchte sagen.; Er sagt immer die Wahrheit.; Kannst du mir bitte etwas sagen?,I would like to say.; He always tells the truth.; Can you please say something to me?
Verbs (basic),sprechen,,to speak,verb,Ich möchte sprechen.; Sie spricht drei Sprachen fließend.; Wir sprechen morgen über das Projekt.,I would like to speak.; She speaks three languages fluently.; We will speak about the project tomorrow.
Verbs (basic),fragen,,to ask,verb,Ich möchte fragen.; Darf ich dich etwas fragen?; Er fragt immer viele Fragen.,I would like to ask.; May I ask you something?; He always asks many questions.
Verbs (basic),antworten,,to answer,verb,Ich möchte antworten.; Bitte antworte mir so schnell wie möglich.; Sie antwortet auf alle E-Mails.,I would like to answer.; Please answer me as soon as possible.; She answers all emails.
Verbs (basic),arbeiten,,to work,verb,Ich möchte arbeiten.; Er arbeitet jeden Tag von neun bis fünf.; Wir arbeiten an einem neuen Projekt.,I would like to work.; He works every day from nine to five.; We are working on a new project.
Verbs (basic),lernen,,to learn,verb,Ich möchte lernen.; Sie lernt gerade Deutsch.; Wir lernen jeden Tag etwas Neues.,I would like to learn.; She is currently learning German.; We learn something new every day.
Verbs (basic),verstehen,,to understand,verb,Ich möchte verstehen.; Ich verstehe die Aufgabe nicht.; Er versteht sehr schnell.,I would like to understand.; I do not understand the task.; He understands very quickly.
Verbs (basic),brauchen,,to need,verb,Ich möchte brauchen.; Wir brauchen mehr Zeit.; Sie braucht Hilfe bei den Hausaufgaben.,I would like to need.; We need more time.; She needs help with the homework.
Verbs (basic),mögen,,to like,verb,Ich möchte mögen.; Ich mag Schokolade sehr gern.; Magst du diesen Film?,I would like to like.; I like chocolate very much.; Do you like this movie?
Verbs (basic),lieben,,to love,verb,Ich möchte lieben.; Sie liebt ihren Hund sehr.; Wir lieben den Sommer.,I would like to love.; She loves her dog very much.; We love the summer.
Verbs (basic),spielen,,to play,verb,Ich möchte spielen.; Die Kinder spielen im Park.; Er spielt gern Fußball.,I would like to play.; The children are playing in the park.; He likes to play soccer.
Verbs (basic),essen,,to eat,verb,Ich möchte essen.; Wir essen heute Abend zusammen.; Sie isst gern Obst.,I would like to eat.; We are eating together tonight.; She likes to eat fruit.
Verbs (basic),trinken,,to drink,verb,Ich möchte trinken.; Er trinkt jeden Morgen Kaffee.; Möchtest du etwas trinken?,I would like to drink.; He drinks coffee every morning.; Would you like something to drink?
Verbs (basic),helfen,,to help,verb,Ich möchte helfen.; Kannst du mir bitte helfen?; Er hilft seiner Schwester bei den Hausaufgaben.,I want to help.; Can you please help me?; He helps his sister with the homework.
Verbs (basic),bleiben,,to stay,verb,Ich möchte bleiben.; Wir bleiben heute zu Hause.; Bitte bleib noch ein bisschen.,I want to stay.; We are staying home today.; Please stay a little longer.
Verbs (basic),stehen,,to stand,verb,Ich möchte stehen.; Er steht vor der Tür.; Alle Gäste stehen in der Schlange.,I want to stand.; He is standing in front of the door.; All guests are standing in line.
Verbs (basic),sitzen,,to sit,verb,Ich möchte sitzen.; Sie sitzt auf dem Stuhl.; Wir saßen den ganzen Abend zusammen.,I want to sit.; She is sitting on the chair.; We sat together the whole evening.
Verbs (basic),liegen,,to lie,verb,Ich möchte liegen.; Das Buch liegt auf dem Tisch.; Er liegt im Bett und liest.,I want to lie down.; The book is lying on the table.; He is lying in bed and reading.
Verbs (basic),schreiben,,to write,verb,Ich möchte schreiben.; Sie schreibt einen Brief.; Wir schreiben jeden Tag E-Mails.,I want to write.; She is writing a letter.; We write emails every day.
Verbs (basic),lesen,,to read,verb,Ich möchte lesen.; Er liest gern Bücher.; Wir lesen die Zeitung jeden Morgen.,I want to read.; He likes to read books.; We read the newspaper every morning.
Verbs (basic),fahren,,to drive/ride,verb,Ich möchte fahren.; Sie fährt mit dem Fahrrad zur Arbeit.; Wir fahren morgen in den Urlaub.,I want to drive/ride.; She rides her bike to work.; We are driving on vacation tomorrow.
Verbs (basic),laufen,,to run,verb,"Ich möchte laufen.; Er läuft jeden Morgen im Park.; Wir laufen zum Bus, um ihn nicht zu verpassen.",I want to run.; He runs every morning in the park.; We run to the bus so we don't miss it.
Verbs (basic),schlafen,,to sleep,verb,Ich möchte schlafen.; Sie schläft tief und fest.; Nach dem langen Tag schliefen alle schnell ein.,"I want to sleep.; She is sleeping deeply.; After the long day, everyone fell asleep quickly."
Verbs (basic),öffnen,,to open,verb,Ich möchte öffnen.; Kannst du bitte das Fenster öffnen?; Er öffnete die Tür langsam.,I want to open.; Can you please open the window?; He opened the door slowly.
Verbs (basic),schließen,,to close,verb,Ich möchte schließen.; Bitte schließe das Buch.; Sie schloss das Fenster wegen des Regens.,I want to close.; Please close the book.; She closed the window because of the rain.
Verbs (basic),beginnen,,to begin,verb,Ich möchte beginnen.; Das Konzert beginnt um acht Uhr.; Wir beginnen morgen mit dem Projekt.,I want to begin.; The concert starts at eight o'clock.; We will begin the project tomorrow.
Verbs (basic),enden,,to end,verb,Ich möchte enden.; Der Film endet um zehn Uhr.; Das Meeting endete früher als geplant.,I want to end.; The movie ends at ten o'clock.; The meeting ended earlier than planned.
Verbs (basic),kaufen,,to buy,verb,Ich möchte kaufen.; Sie kauft jeden Samstag frisches Obst.; Wir kaufen ein neues Auto.,I want to buy.; She buys fresh fruit every Saturday.; We are buying a new car.
Verbs (basic),verkaufen,,to sell,verb,Ich möchte verkaufen.; Sie verkauft ihr Auto.; Wir verkaufen frisches Obst auf dem Markt.,I want to sell.; She sells her car.; We sell fresh fruit at the market.
Verbs (basic),bezahlen,,to pay,verb,Ich möchte bezahlen.; Kannst du die Rechnung bezahlen?; Er bezahlt immer pünktlich.,I want to pay.; Can you pay the bill?; He always pays on time.
Verbs (basic),kosten,,to cost,verb,Ich möchte kosten.; Das Buch kostet zehn Euro.; Wie viel kostet der Mantel?,I want to taste/try.; The book costs ten euros.; How much does the coat cost?
Verbs (basic),zeigen,,to show,verb,Ich möchte zeigen.; Kannst du mir den Weg zeigen?; Er zeigt seine Fotos im Internet.,I want to show.; Can you show me the way?; He shows his photos on the internet.
Verbs (basic),arbeiten,,to work,verb,Ich möchte arbeiten.; Sie arbeitet in einem Krankenhaus.; Wir arbeiten jeden Tag von neun bis fünf.,I want to work.; She works in a hospital.; We work every day from nine to five.
Verbs (basic),wohnen,,to live/reside,verb,Ich möchte wohnen.; Ich wohne in Berlin.; Sie wohnen in einem großen Haus.,I want to live.; I live in Berlin.; They live in a big house.
Verbs (basic),glauben,,to believe,verb,"Ich möchte glauben.; Ich glaube an dich.; Sie glaubt, dass alles gut wird.",I want to believe.; I believe in you.; She believes that everything will be fine.
Verbs (basic),brauchen,,to need,verb,Ich möchte brauchen.; Ich brauche Hilfe.; Wir brauchen mehr Zeit.,I want to need.; I need help.; We need more time.
Verbs (basic),hoffen,,to hope,verb,"Ich möchte hoffen.; Ich hoffe auf gutes Wetter.; Wir hoffen, dass du kommst.",I want to hope.; I hope for good weather.; We hope that you come.
Verbs (basic),danken,,to thank,verb,Ich möchte danken.; Ich danke dir für deine Hilfe.; Wir danken allen Gästen.,I want to thank.; I thank you for your help.; We thank all the guests.
Verbs (basic),reisen,,to travel,verb,Ich möchte reisen.; Sie reist gern nach Asien.; Wir reisen nächsten Sommer nach Spanien.,I want to travel.; She likes to travel to Asia.; We are traveling to Spain next summer.
Verbs (basic),schwimmen,,to swim,verb,Ich möchte schwimmen.; Er schwimmt jeden Morgen im See.; Wir schwimmen im Schwimmbad.,I want to swim.; He swims every morning in the lake.; We swim in the swimming pool.
Verbs (basic),tanzen,,to dance,verb,Ich möchte tanzen.; Sie tanzt gern Salsa.; Wir tanzen auf der Party.,I want to dance.; She likes to dance salsa.; We dance at the party.
Verbs (basic),beginnen,,to start,verb,Ich möchte beginnen.; Der Kurs beginnt um acht Uhr.; Wir beginnen mit dem Projekt morgen.,I want to start.; The course starts at eight o'clock.; We start the project tomorrow.
Adjectives (common),gut,,good,adjective,Das ist gut.; Das Essen schmeckt gut.; Er ist ein guter Freund.,That is good.; The food tastes good.; He is a good friend.
Adjectives (common),schlecht,,bad,Adjective,Das ist schlecht.; Das Wetter ist heute schlecht.; Er fühlt sich schlecht nach dem Essen.,That is bad.; The weather is bad today.; He feels bad after eating.
Adjectives (common),klein,,small,Adjective,Das ist klein.; Mein Hund ist sehr klein.; Wir haben eine kleine Wohnung.,That is small.; My dog is very small.; We have a small apartment.
Adjectives (common),groß,,big,Adjective,Das ist groß.; Das Haus ist sehr groß.; Sie hat große Pläne für die Zukunft.,That is big.; The house is very big.; She has big plans for the future.
Adjectives (common),neu,,new,Adjective,Das ist neu.; Ich habe ein neues Auto gekauft.; Das neue Restaurant ist sehr beliebt.,That is new.; I bought a new car.; The new restaurant is very popular.
Adjectives (common),alt,,old,Adjective,Das ist alt.; Das alte Buch liegt auf dem Tisch.; Mein Großvater ist sehr alt.,That is old.; The old book is on the table.; My grandfather is very old.
Adjectives (common),jung,,young,Adjective,Das ist jung.; Die junge Katze spielt im Garten.; Er ist noch jung und hat viel Energie.,That is young.; The young cat is playing in the garden.; He is still young and has a lot of energy.
Adjectives (common),schön,,beautiful,Adjective,Das ist schön.; Der Sonnenuntergang ist sehr schön.; Sie hat ein schönes Lächeln.,That is beautiful.; The sunset is very beautiful.; She has a beautiful smile.
Adjectives (common),hässlich,,ugly,Adjective,"Das ist hässlich.; Der Hund sieht hässlich aus, aber er ist freundlich.; Das Bild ist hässlich gemalt.","That is ugly.; The dog looks ugly, but he is friendly.; The painting is ugly."
Adjectives (common),billig,,cheap,Adjective,Das ist billig.; Dieses Hemd war sehr billig.; Billige Produkte sind oft von schlechter Qualität.,That is cheap.; This shirt was very cheap.; Cheap products are often of poor quality.
Adjectives (common),teuer,,expensive,Adjective,Das ist teuer.; Die Uhr ist sehr teuer.; Teure Restaurants bieten oft exzellenten Service.,That is expensive.; The watch is very expensive.; Expensive restaurants often offer excellent service.
Adjectives (common),langsam,,slow,Adjective,"Das ist langsam.; Der Zug fährt heute langsam.; Er spricht langsam, damit alle ihn verstehen.",That is slow.; The train is going slow today.; He speaks slowly so everyone can understand him.
Adjectives (common),schnell,,fast,Adjective,"Das ist schnell.; Der Sportwagen ist sehr schnell.; Sie läuft schnell, um den Bus zu erreichen.",That is fast.; The sports car is very fast.; She runs fast to catch the bus.
Adjectives (common),hell,,bright,Adjective,Das ist hell.; Das Zimmer ist hell und freundlich.; Die Lampe macht das Büro hell.,That is bright.; The room is bright and friendly.; The lamp makes the office bright.
Adjectives (common),dunkel,,dark,Adjective,Das ist dunkel.; Der Keller ist dunkel und feucht.; Sie mag dunkle Farben.,That is dark.; The basement is dark and damp.; She likes dark colors.
Adjectives (common),warm,,warm,Adjective,Das ist warm.; Heute ist das Wetter warm und sonnig.; Ich trinke gerne warmen Tee im Winter.,That is warm.; Today the weather is warm and sunny.; I like to drink warm tea in winter.
Adjectives (common),kalt,,cold,adjective,Das ist kalt.; Heute ist das Wetter sehr kalt.; Ich trinke gerne kaltes Wasser im Sommer.,That is cold.; Today the weather is very cold.; I like to drink cold water in summer.
Adjectives (common),freundlich,,friendly,adjective,Das ist freundlich.; Der Verkäufer war sehr freundlich zu mir.; Sie hat immer ein freundliches Lächeln.,That is friendly.; The salesman was very friendly to me.; She always has a friendly smile.
Adjectives (common),fremd,,strange/foreign,adjective,Das ist fremd.; Ich fühle mich in einer fremden Stadt oft unsicher.; Seine Sprache klingt für mich fremd.,That is strange/foreign.; I often feel insecure in a foreign city.; His language sounds strange to me.
Adjectives (common),leicht,,easy/light,adjective,Das ist leicht.; Diese Aufgabe ist sehr leicht zu lösen.; Die Tasche ist leicht und einfach zu tragen.,That is easy/light.; This task is very easy to solve.; The bag is light and easy to carry.
Adjectives (common),schwer,,difficult/heavy,adjective,Das ist schwer.; Die Prüfung war sehr schwer.; Der Koffer ist schwer zu heben.,That is difficult/heavy.; The exam was very difficult.; The suitcase is heavy to lift.
Adjectives (common),wichtig,,important,adjective,"Das ist wichtig.; Es ist wichtig, pünktlich zu sein.; Deine Meinung ist mir sehr wichtig.",That is important.; It is important to be punctual.; Your opinion is very important to me.
Adjectives (common),müde,,tired,adjective,Das ist müde.; Ich bin nach dem langen Tag sehr müde.; Sie wirkt müde und braucht Ruhe.,That is tired.; I am very tired after the long day.; She looks tired and needs rest.
Adjectives (common),hungrig,,hungry,adjective,Das ist hungrig.; Ich bin hungrig und möchte etwas essen.; Die Kinder im Park sehen hungrig aus.,That is hungry.; I am hungry and want to eat something.; The children in the park look hungry.
Adjectives (common),durstig,,thirsty,adjective,Das ist durstig.; Nach dem Sport bin ich immer durstig.; Er hat Durst und trinkt ein Glas Wasser.,"That is thirsty.; After sports, I am always thirsty.; He is thirsty and drinks a glass of water."
Adjectives (common),frei,,free,adjective,Das ist frei.; Der Platz ist noch frei.; Ich habe morgen den ganzen Tag frei.,That is free.; The seat is still free.; I have the whole day off tomorrow.
Adjectives (common),besetzt,,occupied,adjective,Das ist besetzt.; Die Toilette ist gerade besetzt.; Alle Plätze im Kino sind besetzt.,That is occupied.; The toilet is currently occupied.; All seats in the cinema are occupied.
Adjectives (common),richtig,,correct,adjective,"Das ist richtig.; Du hast die richtige Antwort gegeben.; Es ist wichtig, die richtigen Entscheidungen zu treffen.",That is correct.; You gave the correct answer.; It is important to make the right decisions.
Adjectives (common),falsch,,wrong,adjective,Das ist falsch.; Deine Berechnung ist falsch.; Er hat die falsche Richtung genommen.,That is wrong.; Your calculation is wrong.; He took the wrong direction.
Adjectives (common),glücklich,,happy,adjective,"Das ist glücklich.; Sie sieht heute sehr glücklich aus.; Ich bin glücklich, dich zu sehen.",That is happy.; She looks very happy today.; I am happy to see you.
Adjectives (common),traurig,,sad,adjective,Das ist traurig.; Er war nach den Nachrichten sehr traurig.; Manchmal fühle ich mich traurig ohne Grund.,That is sad.; He was very sad after the news.; Sometimes I feel sad without reason.
Adjectives (common),ruhig,,quiet,adjective,Das ist ruhig.; Der Park ist heute sehr ruhig.; Bitte sei ruhig während des Films.,That is quiet.; The park is very quiet today.; Please be quiet during the movie.
Adjectives (common),laut,,loud,adjective,Das ist laut.; Die Musik ist zu laut.; Seine Stimme war laut und klar.,That is loud.; The music is too loud.; His voice was loud and clear.
Adjectives (common),sauber,,clean,adjective,Das ist sauber.; Das Zimmer ist sehr sauber.; Bitte halte die Küche sauber.,That is clean.; The room is very clean.; Please keep the kitchen clean.
Adjectives (common),schmutzig,,dirty,adjective,Das ist schmutzig.; Die Kleidung ist schmutzig nach dem Spiel.; Der Boden ist sehr schmutzig.,That is dirty.; The clothes are dirty after the game.; The floor is very dirty.
Adjectives (common),gesund,,healthy,adjective,Das ist gesund.; Er isst jeden Tag gesund.; Eine gesunde Ernährung ist wichtig.,That is healthy.; He eats healthy every day.; A healthy diet is important.
Adjectives (common),krank,,ill,adjective,Das ist krank.; Sie ist heute krank und bleibt zu Hause.; Er fühlt sich krank und müde.,That is ill.; She is sick today and stays at home.; He feels ill and tired.
Adjectives (common),geöffnet,,open,adjective,Das ist geöffnet.; Der Laden ist jetzt geöffnet.; Die Tür bleibt den ganzen Tag geöffnet.,That is open.; The shop is open now.; The door stays open all day.
Adjectives (common),geschlossen,,closed,adjective,Das ist geschlossen.; Das Museum ist heute geschlossen.; Die Fenster sind geschlossen wegen des Sturms.,That is closed.; The museum is closed today.; The windows are closed because of the storm.
Adjectives (common),spät,,late,adjective,Das ist spät.; Er kam zu spät zum Termin.; Es ist schon spät am Abend.,That is late.; He came late to the appointment.; It is already late in the evening.
Adjectives (common),pünktlich,,punctual,adjective,Das ist pünktlich.; Sie ist immer pünktlich zur Arbeit.; Der Zug ist pünktlich angekommen.,That is punctual.; She is always punctual to work.; The train arrived on time.
Pronouns & Prepositions,ich,,I,pronoun,Ich lerne Deutsch.; Ich gehe heute ins Kino.; Ich habe Hunger.,I am learning German.; I am going to the cinema today.; I am hungry.
Pronouns & Prepositions,du,,you (singular informal),pronoun,Du sprichst Englisch.; Du bist mein bester Freund.; Kannst du mir helfen?,You speak English.; You are my best friend.; Can you help me?
Pronouns & Prepositions,er,,he,pronoun,Er arbeitet hier.; Er spielt gern Fußball.; Er ist sehr freundlich.,He works here.; He likes playing soccer.; He is very friendly.
Pronouns & Prepositions,sie,,she,pronoun,Sie kommt aus Berlin.; Sie liest ein Buch.; Sie ist meine Schwester.,She comes from Berlin.; She is reading a book.; She is my sister.
Pronouns & Prepositions,es,,it,pronoun,Es ist kalt.; Es regnet heute.; Es gefällt mir sehr.,It is cold.; It is raining today.; I like it very much.
Pronouns & Prepositions,wir,,we,pronoun,Wir gehen ins Kino.; Wir haben heute viel zu tun.; Wir sind bereit für die Prüfung.,We are going to the cinema.; We have a lot to do today.; We are ready for the exam.
Pronouns & Prepositions,ihr,,you (plural informal),pronoun,Ihr seid müde.; Habt ihr das Buch gelesen?; Ihr könnt jederzeit anrufen.,You are tired.; Have you read the book?; You can call anytime.
Pronouns & Prepositions,Sie,,you (formal),pronoun,Sie haben einen Termin.; Haben Sie einen Moment Zeit?; Sie können hier parken.,You have an appointment.; Do you have a moment?; You can park here.
Pronouns & Prepositions,mich,,me,pronoun (accusative),Mich ist wichtig.; Er sieht mich nicht.; Kannst du mich hören?,"(Note: 'Mich ist wichtig.' is unidiomatic in German, but given as is.); He does not see me.; Can you hear me?"
Pronouns & Prepositions,dich,,you (accusative),pronoun (accusative),Dich ist wichtig.; Ich sehe dich morgen.; Ich habe dich vermisst.,"(Note: 'Dich ist wichtig.' is unidiomatic in German, but given as is.); I will see you tomorrow.; I have missed you."
Pronouns & Prepositions,mein,,my,possessive pronoun/determiner,Mein ist wichtig.; Das ist mein Auto.; Mein Hund ist sehr freundlich.,"(Note: 'Mein ist wichtig.' is unidiomatic in German, but given as is.); That is my car.; My dog is very friendly."
Pronouns & Prepositions,dein,,your (informal),possessive pronoun/determiner,Dein ist wichtig.; Ist das dein Buch?; Dein Haus ist schön.,"(Note: 'Dein ist wichtig.' is unidiomatic in German, but given as is.); Is that your book?; Your house is beautiful."
Pronouns & Prepositions,sein,,his/its,possessive pronoun/determiner,Sein ist wichtig.; Das ist sein Fahrrad.; Sein Name ist Thomas.,"(Note: 'Sein ist wichtig.' is unidiomatic in German, but given as is.); That is his bike.; His name is Thomas."
Pronouns & Prepositions,ihr,,her/their,possessive pronoun/determiner,Ihr seid müde.; Das ist ihr Haus.; Ihre Kinder sind nett.,You are tired.; That is her/their house.; Their children are nice.
Pronouns & Prepositions,unser,,our,possessive pronoun/determiner,Unser ist wichtig.; Das ist unser Garten.; Unsere Freunde kommen heute.,"(Note: 'Unser ist wichtig.' is unidiomatic in German, but given as is.); That is our garden.; Our friends are coming today."
Pronouns & Prepositions,dies,,this,demonstrative pronoun,Dies ist wichtig.; Dies ist mein Lieblingsbuch.; Ich mag dies sehr.,This is important.; This is my favorite book.; I like this very much.
Pronouns & Prepositions,das,das,that/this,article / demonstrative pronoun,Das ist wichtig.; Ich kenne das nicht.; Das Haus ist groß.,That is important.; I don't know that.; The house is big.
Pronouns & Prepositions,ein,,a/an,indefinite article / pronoun,Ein ist wichtig.; Ich habe ein Buch.; Ein Kind spielt im Garten.,"(Note: 'Ein ist wichtig.' is unidiomatic in German, but given as is.); I have a book.; A child is playing in the garden."
Pronouns & Prepositions,kein,,no/none,negative article / pronoun,Kein ist wichtig.; Ich habe kein Geld.; Kein Auto steht vor dem Haus.,"(Note: 'Kein ist wichtig.' is unidiomatic in German, but given as is.); I have no money.; No car is in front of the house."
Pronouns & Prepositions,alle,,all,pronoun / determiner,Alle ist wichtig.; Alle sind eingeladen.; Alle haben das Spiel genossen.,"(Note: 'Alle ist wichtig.' is unidiomatic in German, but given as is.); Everyone is invited.; All enjoyed the game."
Pronouns & Prepositions,jeder,,every,pronoun/determiner,Jeder ist wichtig.; Jeder Mensch hat Träume.; Jeder Tag bringt neue Chancen.,Everyone is important.; Every person has dreams.; Every day brings new opportunities.
Pronouns & Prepositions,man,,one/people,pronoun,"Man ist wichtig.; Man sollte immer ehrlich sein.; Man kann viel lernen, wenn man zuhört.",One is important.; One should always be honest.; One can learn a lot when one listens.
Pronouns & Prepositions,wer,,who,pronoun,Wer ist wichtig.; Wer hat an der Tür geklopft?; Wer möchte mitkommen?,Who is important.; Who knocked at the door?; Who wants to come along?
Pronouns & Prepositions,was,,what,pronoun,Was ist wichtig.; Was machst du heute?; Was hast du gesagt?,What is important.; What are you doing today?; What did you say?
Pronouns & Prepositions,wo,,where,adverb/pronoun,Wo ist wichtig.; Wo wohnst du?; Wo treffen wir uns?,Where is important.; Where do you live?; Where shall we meet?
Pronouns & Prepositions,woher,,from where,adverb,Woher ist wichtig.; Woher kommst du?; Woher weißt du das?,From where is important.; Where do you come from?; How do you know that?
Pronouns & Prepositions,wohin,,to where,adverb,Wohin ist wichtig.; Wohin gehst du?; Wohin soll ich das bringen?,To where is important.; Where are you going?; Where should I bring this?
Pronouns & Prepositions,warum,,why,adverb,Warum ist wichtig.; Warum bist du spät?; Warum machst du das?,Why is important.; Why are you late?; Why are you doing that?
Pronouns & Prepositions,wie,,how,adverb,Wie ist wichtig.; Wie geht es dir?; Wie funktioniert das?,How is important.; How are you?; How does that work?
Pronouns & Prepositions,wann,,when,adverb,Wann ist wichtig.; Wann kommst du nach Hause?; Wann beginnt der Film?,When is important.; When are you coming home?; When does the movie start?
Pronouns & Prepositions,auf,,on,preposition,Auf ist wichtig.; Das Buch liegt auf dem Tisch.; Wir warten auf den Bus.,On is important.; The book is on the table.; We are waiting for the bus.
Pronouns & Prepositions,unter,,under,preposition,Unter ist wichtig.; Die Katze sitzt unter dem Stuhl.; Wir gehen unter dem Tunnel durch.,Under is important.; The cat is sitting under the chair.; We go through under the tunnel.
Pronouns & Prepositions,neben,,next to,preposition,Neben ist wichtig.; Das Café ist neben der Bank.; Sie sitzt neben mir.,Next to is important.; The café is next to the bank.; She is sitting next to me.
Pronouns & Prepositions,vor,,in front of,preposition,Vor ist wichtig.; Das Auto steht vor dem Haus.; Wir treffen uns vor dem Kino.,In front of is important.; The car is in front of the house.; We meet in front of the cinema.
Pronouns & Prepositions,hinter,,behind,preposition,Hinter ist wichtig.; Der Garten liegt hinter dem Haus.; Das Kind versteckt sich hinter dem Baum.,Behind is important.; The garden is behind the house.; The child is hiding behind the tree.
Pronouns & Prepositions,zwischen,,between,Preposition,Zwischen ist wichtig.; Das Buch liegt zwischen den beiden Stühlen.; Sie konnte sich nicht zwischen Rot und Blau entscheiden.,Between is important.; The book lies between the two chairs.; She couldn't decide between red and blue.
Pronouns & Prepositions,in,,in/into,Preposition,In ist wichtig.; Ich gehe in das Haus.; Die Schlüssel sind in der Tasche.,In is important.; I am going into the house.; The keys are in the bag.
Pronouns & Prepositions,an,,at/on (vertical),Preposition,An ist wichtig.; Das Bild hängt an der Wand.; Wir treffen uns an der Haltestelle.,At/on is important.; The picture hangs on the wall.; We meet at the bus stop.
Pronouns & Prepositions,über,,over/about,Preposition,Über ist wichtig.; Das Flugzeug fliegt über die Stadt.; Wir sprechen über das neue Projekt.,Over/about is important.; The airplane flies over the city.; We are talking about the new project.
Pronouns & Prepositions,aus,,out of/from,Preposition,Aus ist wichtig.; Er kommt aus Deutschland.; Die Milch läuft aus der Flasche.,Out of/from is important.; He comes from Germany.; The milk is leaking out of the bottle.
Pronouns & Prepositions,mit,,with,Preposition,Mit ist wichtig.; Ich gehe mit meinem Freund ins Kino.; Sie schreibt mit einem blauen Stift.,With is important.; I am going to the cinema with my friend.; She writes with a blue pen.
Pronouns & Prepositions,ohne,,without,Preposition,Ohne ist wichtig.; Er geht ohne Jacke nach draußen.; Ich kann nicht ohne meinen Laptop arbeiten.,Without is important.; He goes outside without a jacket.; I cannot work without my laptop.
Pronouns & Prepositions,für,,for,Preposition,Für ist wichtig.; Das Geschenk ist für dich.; Wir kämpfen für Gerechtigkeit.,For is important.; The gift is for you.; We fight for justice.
Pronouns & Prepositions,gegen,,against,Preposition,Gegen ist wichtig.; Sie protestieren gegen die neuen Regeln.; Der Ball prallte gegen die Wand.,Against is important.; They protest against the new rules.; The ball bounced against the wall.
Pronouns & Prepositions,um,,around/at (time),Preposition,Um ist wichtig.; Wir treffen uns um acht Uhr.; Das Haus steht um den See.,Around/at is important.; We meet at eight o'clock.; The house stands around the lake.
Pronouns & Prepositions,bis,,until,Preposition,Bis ist wichtig.; Ich bleibe bis morgen hier.; Der Laden hat bis 20 Uhr geöffnet.,Until is important.; I stay here until tomorrow.; The store is open until 8 pm.
Pronouns & Prepositions,nach,,after/to,Preposition,Nach ist wichtig.; Wir fahren nach Berlin.; Nach dem Essen gehen wir spazieren.,"After/to is important.; We are going to Berlin.; After the meal, we go for a walk."
Pronouns & Prepositions,seit,,since,Preposition,Seit ist wichtig.; Ich wohne seit fünf Jahren hier.; Seit dem Unfall ist er vorsichtiger.,"Since is important.; I have lived here for five years.; Since the accident, he is more careful."
Pronouns & Prepositions,von,,from/of,Preposition,Von ist wichtig.; Das Geschenk ist von meiner Schwester.; Er hat von der Reise erzählt.,From/of is important.; The gift is from my sister.; He told about the trip.
Connectors,und,,and,Conjunction,"Ich esse Brot, und trinke ich Milch.; Er liest ein Buch und hört Musik.; Wir gehen ins Kino und danach essen wir.","I eat bread, and I drink milk.; He reads a book and listens to music.; We go to the cinema and afterwards we eat."
Connectors,oder,,or,conjunction,"Ich esse Brot, oder trinke ich Milch.; Möchtest du Tee oder Kaffee?; Wir gehen heute ins Kino oder bleiben zu Hause.","I eat bread, or I drink milk.; Do you want tea or coffee?; We are going to the cinema today or staying at home."
Connectors,aber,,but,conjunction,"Ich esse Brot, aber trinke ich Milch.; Ich möchte kommen, aber ich habe keine Zeit.; Das Wetter ist schön, aber es ist kalt.","I eat bread, but I drink milk.; I want to come, but I have no time.; The weather is nice, but it is cold."
Connectors,denn,,because,conjunction,"Ich esse Brot, denn trinke ich Milch.; Ich gehe nach Hause, denn es ist spät.; Er ist müde, denn er hat wenig geschlafen.","I eat bread, because I drink milk.; I am going home, because it is late.; He is tired, because he slept little."
Connectors,weil,,because,conjunction,"Ich esse Brot, weil trinke ich Milch.; Ich bleibe zu Hause, weil es regnet.; Sie geht früh ins Bett, weil sie morgen arbeiten muss.","I eat bread, because I drink milk.; I stay at home because it is raining.; She goes to bed early because she has to work tomorrow."
Connectors,dass,,that,conjunction,"Ich esse Brot, dass trinke ich Milch.; Ich weiß, dass du recht hast.; Er sagt, dass er morgen kommt.","I eat bread, that I drink milk.; I know that you are right.; He says that he is coming tomorrow."
Connectors,wenn,,if/when,conjunction,"Ich esse Brot, wenn trinke ich Milch.; Wenn es regnet, bleibe ich zu Hause.; Ich helfe dir, wenn du willst.","I eat bread, if/when I drink milk.; If it rains, I stay at home.; I will help you if you want."
Connectors,als,,when (past),conjunction,"Ich esse Brot, als trinke ich Milch.; Als ich jung war, spielte ich viel Fußball.; Er lachte, als er den Witz hörte.","I eat bread, when I drank milk.; When I was young, I played a lot of football.; He laughed when he heard the joke."
Connectors,ob,,whether,conjunction,"Ich esse Brot, ob trinke ich Milch.; Ich weiß nicht, ob er kommt.; Frag sie, ob sie mit uns geht.","I eat bread, whether I drink milk.; I don't know whether he is coming.; Ask her whether she is coming with us."
Connectors,trotzdem,,nevertheless,adverb/conjunction,"Ich esse Brot, trotzdem trinke ich Milch.; Es regnet, trotzdem gehe ich spazieren.; Er war krank, trotzdem ging er zur Arbeit.","I eat bread, nevertheless I drink milk.; It is raining, nevertheless I go for a walk.; He was sick, nevertheless he went to work."
Connectors,deshalb,,therefore,adverb/conjunction,"Ich esse Brot, deshalb trinke ich Milch.; Es ist kalt, deshalb ziehe ich eine Jacke an.; Er hat viel gelernt, deshalb hat er die Prüfung bestanden.","I eat bread, therefore I drink milk.; It is cold, therefore I put on a jacket.; He studied a lot, therefore he passed the exam."
Connectors,also,,so/therefore,adverb/conjunction,"Ich esse Brot, also trinke ich Milch.; Ich habe Hunger, also esse ich etwas.; Das Wetter ist schön, also gehen wir raus.","I eat bread, so I drink milk.; I am hungry, so I eat something.; The weather is nice, so we go outside."
Connectors,dann,,then,adverb/conjunction,"Ich esse Brot, dann trinke ich Milch.; Zuerst mache ich meine Hausaufgaben, dann spiele ich.; Wenn das Wetter gut ist, dann gehen wir spazieren.","I eat bread, then I drink milk.; First I do my homework, then I play.; If the weather is good, then we go for a walk."
Connectors,doch,,yet/however,conjunction/adverb,"Ich esse Brot, doch trinke ich Milch.; Es ist spät, doch ich bleibe wach.; Er ist müde, doch er arbeitet weiter.","I eat bread, yet I drink milk.; It is late, yet I stay awake.; He is tired, yet he keeps working."
Connectors,sondern,,but rather,conjunction,"Ich esse Brot, sondern trinke ich Milch.; Ich trinke keinen Kaffee, sondern Tee.; Er ist nicht faul, sondern sehr fleißig.","I eat bread, but rather I drink milk.; I don't drink coffee, but rather tea.; He is not lazy, but rather very hardworking."
Verbs (basic),hören,,to hear,verb,Ich kann Musik hören.; Kannst du das Geräusch hören?; Wir hören oft klassische Musik.,I can hear music.; Can you hear the noise?; We often listen to classical music.
Verbs (basic),schauen,,to look/watch,verb,Wir schauen einen Film.; Sie schaut aus dem Fenster.; Ich schaue dir zu.,We are watching a movie.; She is looking out of the window.; I watch you.
Verbs (basic),träumen,,to dream,verb,Ich träume von Urlaub.; Er träumt jede Nacht.; Wir träumen von einer besseren Zukunft.,I am dreaming of a vacation.; He dreams every night.; We dream of a better future.
Verbs (basic),frühstücken,,to have breakfast,verb,Wir frühstücken um acht Uhr.; Ich frühstücke jeden Morgen früh.; Sie frühstücken zusammen im Café.,We have breakfast at eight o'clock.; I have breakfast early every morning.; They have breakfast together in the café.
Verbs (basic),warten,,to wait,verb,Sie wartet auf den Bus.; Wir warten auf dich.; Er wartet geduldig im Park.,She is waiting for the bus.; We are waiting for you.; He waits patiently in the park.
Verbs (basic),fühlen,,to feel,verb,Ich fühle mich gut.; Sie fühlt den Schmerz.; Wir fühlen die Wärme der Sonne.,I feel good.; She feels the pain.; We feel the warmth of the sun.
Verbs (basic),schicken,,to send,verb,Er schickt eine E‑Mail.; Ich schicke dir eine Nachricht.; Sie schickt das Paket morgen ab.,He sends an email.; I am sending you a message.; She will send the package tomorrow.
Verbs (basic),bekommen,,to get/receive,verb,Ich bekomme einen Brief.; Wir bekommen morgen Besuch.; Er bekommt ein Geschenk zum Geburtstag.,I am getting a letter.; We are getting visitors tomorrow.; He receives a gift for his birthday.
Verbs (basic),erzählen,,to tell,verb,Er erzählt eine Geschichte.; Sie erzählt mir von ihrem Tag.; Ich erzähle euch eine interessante Sache.,He tells a story.; She tells me about her day.; I am telling you an interesting thing.
Verbs (basic),erklären,,to explain,verb,Die Lehrerin erklärt die Übung.; Kannst du das bitte erklären?; Er erklärt den Plan sehr gut.,The teacher explains the exercise.; Can you please explain that?; He explains the plan very well.
Verbs (basic),tragen,,to wear/carry,verb,Ich trage einen Rucksack.; Sie trägt eine schöne Jacke.; Er trägt die Kisten ins Haus.,I am wearing a backpack.; She is wearing a nice jacket.; He is carrying the boxes into the house.
Verbs (basic),schneiden,,to cut,verb,Sie schneidet das Brot.; Ich schneide das Papier in Stücke.; Er schneidet die Haare seiner Tochter.,She cuts the bread.; I cut the paper into pieces.; He cuts his daughter's hair.
Verbs (basic),sparen,,to save (money),verb,Ich spare für ein Auto.; Wir sparen Geld für den Urlaub.; Sie spart jeden Monat etwas.,I am saving for a car.; We save money for the vacation.; She saves some money every month.
Verbs (basic),zahlen,,to pay,verb,Wir zahlen die Rechnung.; Ich zahle mit Kreditkarte.; Sie zahlt die Miete pünktlich.,We pay the bill.; I pay with credit card.; She pays the rent on time.
Verbs (basic),putzen,,to clean,verb,Ich putze das Bad.; Er putzt die Fenster.; Wir putzen das Auto jeden Samstag.,I clean the bathroom.; He cleans the windows.; We clean the car every Saturday.
Verbs (basic),vorbereiten,,to prepare,verb,Wir bereiten das Essen vor.; Sie bereitet die Präsentation vor.; Ich bereite mich auf die Prüfung vor.,We prepare the food.; She prepares the presentation.; I prepare myself for the exam.
Verbs (basic),probieren,,to try,verb,Möchtest du den Kuchen probieren?; Ich probiere jeden Tag ein neues Rezept aus.; Wir probieren das neue Restaurant in der Stadt.,Would you like to try the cake?; I try a new recipe every day.; We try the new restaurant in town.
Verbs (basic),legen,,to lay/put,verb,Ich lege das Buch auf den Tisch.; Bitte leg die Schlüssel auf den Schrank.; Er legt das Handy auf das Sofa.,I lay the book on the table.; Please put the keys on the cupboard.; He puts the phone on the sofa.
Verbs (basic),stellen,,to place/put (upright),verb,Er stellt die Flasche auf den Tisch.; Kannst du die Lampe bitte ins Wohnzimmer stellen?; Sie stellt den Stuhl neben den Schreibtisch.,He places the bottle on the table.; Can you please put the lamp in the living room?; She places the chair next to the desk.
Verbs (basic),waschen,,to wash,verb,Ich wasche meine Hände.; Kannst du das Auto waschen?; Sie wäscht jeden Morgen ihr Gesicht.,I wash my hands.; Can you wash the car?; She washes her face every morning.
Verbs (basic),leben,,to live (be alive),verb,Ich lebe in Deutschland.; Wir leben in einer großen Stadt.; Er lebt seit fünf Jahren im Ausland.,I live in Germany.; We live in a big city.; He has lived abroad for five years.
Verbs (basic),heißen,,to be called,verb,Ich heiße Anna.; Wie heißt du?; Das Buch heißt ‚Der kleine Prinz‘.,My name is Anna.; What is your name?; The book is called 'The Little Prince'.
Verbs (basic),dürfen,,may/to be allowed,verb (modal),Darf ich hier parken?; Ihr dürft nicht zu spät kommen.; Wir dürfen heute länger bleiben.,May I park here?; You are not allowed to be late.; We are allowed to stay longer today.
Verbs (basic),können,,can,verb (modal),Ich kann Deutsch sprechen.; Kannst du mir helfen?; Wir können morgen ins Kino gehen.,I can speak German.; Can you help me?; We can go to the cinema tomorrow.
Verbs (basic),müssen,,must/have to,verb (modal),Ich muss lernen.; Du musst deine Hausaufgaben machen.; Wir müssen früh aufstehen.,I have to study.; You must do your homework.; We have to get up early.
Verbs (basic),sollen,,should,verb (modal),Du sollst mehr schlafen.; Er soll heute einen Arzt besuchen.; Wir sollen pünktlich sein.,You should sleep more.; He should visit a doctor today.; We should be on time.
Verbs (basic),wollen,,to want,verb (modal),Ich will einen Kaffee.; Willst du mitkommen?; Sie wollen das Haus kaufen.,I want a coffee.; Do you want to come along?; They want to buy the house.
